sessionID,levFile,ratPair,date,familiarity,transparency,sessionType,isKL,socialGazing,levGazing,magGazing,socialGazingAtLev,socialGazingAtMag,socialGazingAtCenter,avgSocialGazeLength,socialGazingResidual
041624_KL001_TimeOut_TrNum10,/gpfs/radev/pi/saxena/aj764/PairedTestingSessions/041624_KL001_TimeOut/Behavioral/processed/lever/041624_Cam4_TrNum10_Coop_KL001B-KL001Y_lever.csv,KL001B-KL001Y,2024-04-16,Training Partner,transparent,cooperation,True,0.0024393459915611,0.3230155590717299,0.1568433544303797,0.0009889240506329,0.0005274261603375,0.0009229957805907,7.166666666666667,1.0842021724855044e-19
041624_KL002_TimeOut_TrNum7,/gpfs/radev/pi/saxena/aj764/PairedTestingSessions/041624_KL002_TimeOut/Behavioral/processed/lever/041624_Cam3_TrNum7_Coop_KL002B-KL002Y_lever.csv,KL002B-KL002Y,2024-04-16,Training Partner,transparent,cooperation,True,0.0008657567732735,0.3273833774699531,0.1520930943165614,0.0001527806070482,0.0,0.0007129761662253,,0.0
041624_KL002_TimeOut_TrNum9,/gpfs/radev/pi/saxena/aj764/PairedTestingSessions/041624_KL002_TimeOut/Behavioral/processed/lever/041624_Cam3_TrNum9_Coop_KL002B-KL002Y_lever.csv,KL002B-KL002Y,2024-04-16,Training Partner,transparent,cooperation,True,0.0029125952968968,0.2484027703210566,0.1253623966498443,0.000952968968109,0.0008187479866852,0.0011408783421024,8.46875,2.0036056147532122e-16
041824_KL005_TimeOut_TrNum5,/gpfs/radev/pi/saxena/aj764/PairedTestingSessions/041824_KL005_TimeOut/Behavioral/processed/lever/041824_Cam4_TrNum5_Coop_KL005Y-KL005B_lever.csv,KL005B-KL005Y,2024-04-18,Training Partner,transparent,cooperation,True,0.0028005533623511,0.2382157438337213,0.2047103283058339,0.0012146978439113,0.0002530620508148,0.0013327934676249,10.723214285714285,9.996344030316351e-17
041824_KL005_TimeOut_TrNum7,/gpfs/radev/pi/saxena/aj764/PairedTestingSessions/041824_KL005_TimeOut/Behavioral/processed/lever/041824_Cam4_TrNum7_Coop_KL005Y-KL005B_lever.csv,KL005B-KL005Y,2024-04-18,Training Partner,transparent,cooperation,True,0.0074420785716766,0.1636823092153253,0.2159852721525582,0.0017541422070929,0.0011896905067907,0.0044895619854805,13.160815939278937,8.683872312499792e-06
041924_KL002_TimeOut_TrNum12,/gpfs/radev/pi/saxena/aj764/PairedTestingSessions/041924_KL002_TimeOut/Behavioral/processed/lever/041924_Cam4_TrNum12_Coop_KL002B-KL002Y_lever.csv,KL002B-KL002Y,2024-04-19,Training Partner,transparent,cooperation,True,0.0008237631438678,0.2614963415225081,0.2015312303144837,7.268498328245384e-05,0.0002180549498473,0.0005330232107379,3.8,1.4604203263379745e-16
041924_KL002_TimeOut_TrNum5,/gpfs/radev/pi/saxena/aj764/PairedTestingSessions/041924_KL002_TimeOut/Behavioral/processed/lever/041924_Cam4_TrNum5_Coop_KL002B-KL002Y_lever.csv,KL002B-KL002Y,2024-04-19,Training Partner,transparent,cooperation,True,0.0021468759253775,0.2939739413680782,0.1346362649294245,0.0,0.0005182114302635,0.001628664495114,6.757142857142856,-2.168404344971009e-19
042224_KL005_TimeOut_TrNum5,/gpfs/radev/pi/saxena/aj764/PairedTestingSessions/042224_KL005_TimeOut/Behavioral/processed/lever/042224_Cam2_TrNum5_Coop_KL005Y-KL005B_lever.csv,KL005B-KL005Y,2024-04-22,Training Partner,transparent,cooperation,True,0.0041268259258105,0.2829445292303859,0.1233531628616812,0.0007007817609867,0.0003270314884604,0.0030834397483414,8.45475113122172,1.5572928022000113e-05
042224_KL005_TimeOut_TrNum7,/gpfs/radev/pi/saxena/aj764/PairedTestingSessions/042224_KL005_TimeOut/Behavioral/processed/lever/042224_Cam2_TrNum7_Coop_KL005Y-KL005B_lever.csv,KL005B-KL005Y,2024-04-22,Training Partner,transparent,cooperation,True,0.0110110223389086,0.1210872960188307,0.0679446846072018,0.0009845415657605,0.0002602811035918,0.0097661996695561,14.49421052631579,2.0122792321330962e-16
042224_KL006_TimeOut_TrNum12,/gpfs/radev/pi/saxena/aj764/PairedTestingSessions/042224_KL006_TimeOut/Behavioral/processed/lever/042224_Cam4_TrNum12_Coop_KL006G-KL006R_lever.csv,KL006G-KL006R,2024-04-22,Training Partner,transparent,cooperation,True,0.0004300363876943,0.4217333774396295,0.2196162752232881,0.0,0.0,0.0004300363876943,6.5,0.0
042224_KL006_TimeOut_TrNum5,/gpfs/radev/pi/saxena/aj764/PairedTestingSessions/042224_KL006_TimeOut/Behavioral/processed/lever/042224_Cam4_TrNum5_Coop_KL006G-KL006R_lever.csv,KL006G-KL006R,2024-04-22,Training Partner,transparent,cooperation,True,0.0038735021726726,0.1546328402756441,0.1582539612869244,4.389237589430716e-05,0.0025457578018698,0.0012728789009349,10.53125,1.0973093973592639e-05
042324_KL002_TimeOut_TrNum7,/gpfs/radev/pi/saxena/aj764/PairedTestingSessions/042324_KL002_TimeOut/Behavioral/processed/lever/042324_Cam4_TrNum7_Coop_KL002B-KL002Y_lever.csv,KL002B-KL002Y,2024-04-23,Training Partner,transparent,cooperation,True,0.0,0.3887262079062957,0.1672767203513909,0.0,0.0,0.0,,0.0
042324_KL002_TimeOut_TrNum5,/gpfs/radev/pi/saxena/aj764/PairedTestingSessions/042324_KL002_TimeOut/Behavioral/processed/lever/042324_Cam4_TrNum5_Coop_KL002B-KL002Y_lever.csv,KL002B-KL002Y,2024-04-23,Training Partner,transparent,cooperation,True,0.0013875082836315,0.2791998011928429,0.1337599403578528,0.0003313452617627,0.0004763088137839,0.0005798542080848,6.033333333333333,9.985502008591496e-17
042424_KL005_TimeOut_TrNum5,/gpfs/radev/pi/saxena/aj764/PairedTestingSessions/042424_KL005_TimeOut/Behavioral/processed/lever/042424_Cam2_TrNum5_Coop_KL005Y-KL005B_lever.csv,KL005B-KL005Y,2024-04-24,Training Partner,transparent,cooperation,True,0.0005287741253194,0.4278223318938927,0.1505463999294967,0.0003965805939896,0.0,0.0001321935313298,4.5,0.0
042424_KL005_TimeOut_TrNum12,/gpfs/radev/pi/saxena/aj764/PairedTestingSessions/042424_KL005_TimeOut/Behavioral/processed/lever/042424_Cam2_TrNum12_Coop_KL005Y-KL005B_lever.csv,KL005B-KL005Y,2024-04-24,Training Partner,transparent,cooperation,True,0.0010403507468232,0.4431151073790592,0.1810396076391469,0.000668796908672,9.288845953778702e-05,0.0002786653786133,5.133333333333333,1.1308228659023811e-16
042424_KL006_TimeOut_TrNum12,/gpfs/radev/pi/saxena/aj764/PairedTestingSessions/042424_KL006_TimeOut/Behavioral/processed/lever/042424_Cam3_TrNum12_Coop_KL006G-KL006R_lever.csv,KL006G-KL006R,2024-04-24,Training Partner,transparent,cooperation,True,0.0022453387903592,0.3714756707594361,0.1588221919054115,0.0001989540700318,0.0002842201000454,0.0017621646202819,11.875,9.996344030316351e-17
042424_KL006_TimeOut_TrNum5,/gpfs/radev/pi/saxena/aj764/PairedTestingSessions/042424_KL006_TimeOut/Behavioral/processed/lever/042424_Cam3_TrNum5_Coop_KL006G-KL006R_lever.csv,KL006G-KL006R,2024-04-24,Training Partner,transparent,cooperation,True,0.0001095130320508,0.4399868584361539,0.1692706432065416,7.300868803387604e-05,0.0,3.650434401693802e-05,,-1.4060746924421386e-17
042624_KL002_TimeOut_TrNum5,/gpfs/radev/pi/saxena/aj764/PairedTestingSessions/042624_KL002_TimeOut/Behavioral/processed/lever/042624_Cam3_TrNum5_Coop_KL002B-KL002Y_lever.csv,KL002B-KL002Y,2024-04-26,Training Partner,transparent,cooperation,True,0.0016942561937562,0.3328796800355516,0.1923397400288856,0.0012776358182424,0.0001388734585046,0.0002777469170092,14.25,-1.6263032587282567e-19
042624_KL002_TimeOut_TrNum7,/gpfs/radev/pi/saxena/aj764/PairedTestingSessions/042624_KL002_TimeOut/Behavioral/processed/lever/042624_Cam3_TrNum7_Coop_KL002B-KL002Y_lever.csv,KL002B-KL002Y,2024-04-26,Training Partner,transparent,cooperation,True,8.619698885185611e-05,0.3898977129065624,0.1418227789909205,0.0,0.0,8.619698885185611e-05,1.0,0.0
042624_KL004_TimeOut_TrNum7,/gpfs/radev/pi/saxena/aj764/PairedTestingSessions/042624_KL004_TimeOut/Behavioral/processed/lever/042624_Cam4_TrNum7_Coop_KL004G-KL004R_lever.csv,KL004G-KL004R,2024-04-26,Training Partner,transparent,cooperation,True,0.0008189791820775,0.2705537356018176,0.26627390890838,0.0,0.0006604670823206,0.0001585120997569,,-2.710505431213761e-20
042624_KL004_TimeOut_TrNum9,/gpfs/radev/pi/saxena/aj764/PairedTestingSessions/042624_KL004_TimeOut/Behavioral/processed/lever/042624_Cam4_TrNum9_Coop_KL004G-KL004R_lever.csv,KL004G-KL004R,2024-04-26,Training Partner,transparent,cooperation,True,0.0023617671575437,0.278364360470501,0.1772251551356858,2.315457997591924e-05,0.0005094007594702,0.0018292118180976,,-1.9081958235744878e-17
042924_KL005_TimeOut_TrNum5,/gpfs/radev/pi/saxena/aj764/PairedTestingSessions/042924_KL005_TimeOut/Behavioral/processed/lever/042924_Cam4_TrNum5_Coop_KL005Y-KL005B_lever.csv,KL005B-KL005Y,2024-04-29,Training Partner,transparent,cooperation,True,0.0009533456473812,0.2752785556813442,0.2249895727819817,0.0006256330810939,2.979205148066496e-05,0.0002979205148066,13.625,3.507394027990607e-17
042924_KL005_TimeOut_TrNum12,/gpfs/radev/pi/saxena/aj764/PairedTestingSessions/042924_KL005_TimeOut/Behavioral/processed/lever/042924_Cam4_TrNum12_Coop_KL005Y-KL005B_lever.csv,KL005B-KL005Y,2024-04-29,Training Partner,transparent,cooperation,True,0.0023568840086101,0.1302008119669764,0.390738671970791,0.0,0.000299719353696,0.002057164654914,12.964285714285714,1.0018028073766061e-16
042924_KL006_TimeOut_TrNum11,/gpfs/radev/pi/saxena/aj764/PairedTestingSessions/042924_KL006_TimeOut/Behavioral/processed/lever/042924_Cam1_TrNum11_Coop_KL006G-KL006R_lever.csv,KL006G-KL006R,2024-04-29,Training Partner,transparent,cooperation,True,0.0021451802643415,0.500484395543561,0.0876755933845408,0.0006573939519756,0.0012455885405854,6.919936336585703e-05,6.5,0.00017299840841464314
043024_KL002_TimeOut_Translucent_TrNum7,/gpfs/radev/pi/saxena/aj764/PairedTestingSessions/043024_KL002_TimeOut_Translucent/Behavioral/processed/lever/043024_Cam3_TrNum7_Coop_KL002B-KL002Y_lever.csv,KL002B-KL002Y,2024-04-30,Training Partner,translucent,cooperation,True,0.0002921627346431,0.4440873566576583,0.1354539478489518,0.0,7.304068366079907e-05,0.0002191220509823,4.0,9.215718466126788e-19
043024_KL002_TimeOut_Translucent_TrNum5,/gpfs/radev/pi/saxena/aj764/PairedTestingSessions/043024_KL002_TimeOut_Translucent/Behavioral/processed/lever/043024_Cam3_TrNum5_Coop_KL002B-KL002Y_lever.csv,KL002B-KL002Y,2024-04-30,Training Partner,translucent,cooperation,True,0.0016478005444906,0.3567846396331853,0.1349405358933944,0.0002865740077374,0.0007522567703109,0.0006089697664421,6.25,1.9992688060632702e-16
043024_KL004_TimeOut_Opaque_TrNum7,/gpfs/radev/pi/saxena/aj764/PairedTestingSessions/043024_KL004_TimeOut_Opaque/Behavioral/processed/lever/043024_Cam4_TrNum7_Coop_KL004G-KL004R_lever.csv,KL004G-KL004R,2024-04-30,Training Partner,opaque,cooperation,True,0.0027409776153494,0.240612151667428,0.2115577889447236,6.852444038373687e-05,0.0016674280493375,0.0010050251256281,9.0375,6.310056643865636e-17
043024_KL004_TimeOut_Opaque_TrNum9,/gpfs/radev/pi/saxena/aj764/PairedTestingSessions/043024_KL004_TimeOut_Opaque/Behavioral/processed/lever/043024_Cam4_TrNum9_Coop_KL004G-KL004R_lever.csv,KL004G-KL004R,2024-04-30,Training Partner,opaque,cooperation,True,0.0034163326982458,0.2199264174495762,0.1838414033243545,0.0004598909401484,0.0005912883516194,0.0023651534064778,11.555555555555555,1.9992688060632702e-16
050124_KL005_TimeOut_Opaque_TrNum6,/gpfs/radev/pi/saxena/aj764/PairedTestingSessions/050124_KL005_TimeOut_Opaque/Behavioral/processed/lever/050124_Cam2_TrNum6_Coop_KL005Y-KL005B_lever.csv,KL005B-KL005Y,2024-05-01,Training Partner,opaque,cooperation,True,0.0033395980916582,0.2653028769697846,0.1874945785745265,0.0019372560358536,0.001113199363886,0.0002891426919184,9.478571428571428,2.0014372104082412e-16
050124_KL005_TimeOut_Opaque_TrNum8,/gpfs/radev/pi/saxena/aj764/PairedTestingSessions/050124_KL005_TimeOut_Opaque/Behavioral/processed/lever/050124_Cam2_TrNum8_Coop_KL005Y-KL005B_lever.csv,KL005B-KL005Y,2024-05-01,Training Partner,opaque,cooperation,True,0.0035879036391594,0.4229113275243465,0.1315991799077396,0.0032291132752434,0.0,0.0003587903639159,7.9,9.963817965141786e-17
050124_KL006_TimeOut_Translucent_TrNum7,/gpfs/radev/pi/saxena/aj764/PairedTestingSessions/050124_KL006_TimeOut_Translucent/Behavioral/processed/lever/050124_Cam3_TrNum7_Coop_KL006G-KL006R_lever.csv,KL006G-KL006R,2024-05-01,Training Partner,translucent,cooperation,True,0.0006967670011148,0.4754389632107023,0.09375,0.0002787068004459,0.0,0.0004180602006688,4.666666666666666,1.0007186052041206e-16
050124_KL006_TimeOut_Translucent_TrNum5,/gpfs/radev/pi/saxena/aj764/PairedTestingSessions/050124_KL006_TimeOut_Translucent/Behavioral/processed/lever/050124_Cam3_TrNum5_Coop_KL006G-KL006R_lever.csv,KL006G-KL006R,2024-05-01,Training Partner,translucent,cooperation,True,0.001939738781844,0.46741238846502,0.09850640113798,0.001293159187896,0.0003879477563688,0.0002586318375792,4.821428571428571,-5.421010862427522e-20
050324_KL002_TimeOut_Opaque_TrNum9,/gpfs/radev/pi/saxena/aj764/PairedTestingSessions/050324_KL002_TimeOut_Opaque/Behavioral/processed/lever/050324_Cam1_TrNum9_Coop_KL002B-KL002Y_lever.csv,KL002B-KL002Y,2024-05-03,Training Partner,opaque,cooperation,True,0.0004864338990379,0.4282239757864015,0.1506864122797535,0.0,0.0004864338990379,0.0,3.3333333333333335,0.0
050324_KL002_TimeOut_Opaque_TrNum11,/gpfs/radev/pi/saxena/aj764/PairedTestingSessions/050324_KL002_TimeOut_Opaque/Behavioral/processed/lever/050324_Cam1_TrNum11_Coop_KL002B-KL002Y_lever.csv,KL002B-KL002Y,2024-05-03,Training Partner,opaque,cooperation,True,0.0002796420581655,0.3904152684563758,0.1798797539149888,0.0,0.0,0.0002796420581655,,0.0
050524_KL005_TimeOut_Translucent_TrNum5,/gpfs/radev/pi/saxena/aj764/PairedTestingSessions/050524_KL005_TimeOut_Translucent/Behavioral/processed/lever/050524_Cam4_TrNum5_Coop_KL005Y-KL005B_lever.csv,KL005B-KL005Y,2024-05-05,Training Partner,translucent,cooperation,True,0.0031675163655012,0.2788319406316932,0.2641105312377447,0.0024585960360795,0.0003167516365501,0.0003921686928715,10.455128205128204,1.0001765041178778e-16
050524_KL005_TimeOut_Translucent_TrNum8,/gpfs/radev/pi/saxena/aj764/PairedTestingSessions/050524_KL005_TimeOut_Translucent/Behavioral/processed/lever/050524_Cam4_TrNum8_Coop_KL005Y-KL005B_lever.csv,KL005B-KL005Y,2024-05-05,Training Partner,translucent,cooperation,True,0.0082084225553176,0.2455785550003965,0.2953974674174531,0.0057234250667512,0.0009517011658339,0.0015332963227324,14.915441176470589,9.90960785651751e-17
050524_KL006_TimeOut_Opaque_TrNum7,/gpfs/radev/pi/saxena/aj764/PairedTestingSessions/050524_KL006_TimeOut_Opaque/Behavioral/processed/lever/050524_Cam3_TrNum7_Coop_KL006G-KL006R_lever.csv,KL006G-KL006R,2024-05-05,Training Partner,opaque,cooperation,True,0.0005289885738468,0.4869868810833686,0.0957821977711948,0.0002115954295387,0.0,0.0001057977147693,5.25,0.00021159542953880006
050524_KL006_TimeOut_Opaque_TrNum10,/gpfs/radev/pi/saxena/aj764/PairedTestingSessions/050524_KL006_TimeOut_Opaque/Behavioral/processed/lever/050524_Cam3_TrNum10_Coop_KL006G-KL006R_lever.csv,KL006G-KL006R,2024-05-05,Training Partner,opaque,cooperation,True,0.0004118333447731,0.4559338321092731,0.0982908916191914,0.0,0.0,0.0004118333447731,,0.0
050824_EB001R-031B-027Y_TimeOut_CNO_TrNum9,/gpfs/radev/pi/saxena/aj764/PairedTestingSessions/050824_EB001R-031B-027Y_TimeOut_CNO/Behavioral/processed/lever/050824_Cam2_TrNum9_Coop_EB001R-EB031B_lever.csv,EB001R-EB031B,2024-05-08,Training Partner,transparent,cooperation,False,0.0024987035028994,0.2944934232237989,0.1343170996181226,0.0001178633727782,0.0006600348875583,0.0017208052425628,6.208333333333334,1.0018028073766061e-16
050824_EB001R-031B-027Y_TimeOut_CNO_TrNum11,/gpfs/radev/pi/saxena/aj764/PairedTestingSessions/050824_EB001R-031B-027Y_TimeOut_CNO/Behavioral/processed/lever/050824_Cam2_TrNum11_Coop_EB001R-EB027Y_lever.csv,EB001R-EB027Y,2024-05-08,Unfamiliar,transparent,cooperation,False,0.0023772939436987,0.3618560287594584,0.1037456875308033,0.0006523062650392,0.0009712115501695,0.0007537761284898,6.822222222222222,2.0003530082357557e-16
050824_EB007R-005Y-003B_TimeOut_CNO_TrNum7,/gpfs/radev/pi/saxena/aj764/PairedTestingSessions/050824_EB007R-005Y-003B_TimeOut_CNO/Behavioral/processed/lever/050824_Cam3_TrNum7_Coop_EB007R-EB003B_lever.csv,EB003B-EB007R,2024-05-08,Unfamiliar,transparent,cooperation,False,0.0099604785302285,0.0304956205938901,0.0555169835505233,0.0014152958769493,0.0015221106601153,0.0069162572099978,9.448958333333334,0.0001068147831660999
050824_EB007R-005Y-003B_TimeOut_CNO_TrNum10,/gpfs/radev/pi/saxena/aj764/PairedTestingSessions/050824_EB007R-005Y-003B_TimeOut_CNO/Behavioral/processed/lever/050824_Cam3_TrNum10_Coop_EB007R-EB005Y_lever.csv,EB005Y-EB007R,2024-05-08,Training Partner,transparent,cooperation,False,0.0024798175433515,0.1760127430040184,0.074865148608044,0.0004525214495167,0.0001810085798066,0.0018462875140281,6.325,1.0018028073766061e-16
050824_EB015R-011Y-009B_TimeOut_CNO_TrNum7,/gpfs/radev/pi/saxena/aj764/PairedTestingSessions/050824_EB015R-011Y-009B_TimeOut_CNO/Behavioral/processed/lever/050824_Cam1_TrNum7_Coop_EB015R-EB011Y_lever.csv,EB011Y-EB015R,2024-05-08,Training Partner,transparent,cooperation,False,0.004452139500371,0.3148157308929013,0.1327974276527331,0.0,0.0,0.004452139500371,13.13888888888889,0.0
050824_EB015R-011Y-009B_TimeOut_CNO_TrNum11,/gpfs/radev/pi/saxena/aj764/PairedTestingSessions/050824_EB015R-011Y-009B_TimeOut_CNO/Behavioral/processed/lever/050824_Cam1_TrNum11_Coop_EB015R-EB009B_lever.csv,EB009B-EB015R,2024-05-08,Unfamiliar,transparent,cooperation,False,0.0170611858022997,0.0981891197525629,0.0672844279264672,0.0014716519917188,0.0009852585368287,0.0145918036467037,11.605311355311356,1.2471627048498204e-05
050824_EB021R-023B-019Y_TimeOut_CNO_TrNum12,/gpfs/radev/pi/saxena/aj764/PairedTestingSessions/050824_EB021R-023B-019Y_TimeOut_CNO/Behavioral/processed/lever/050824_Cam4_TrNum12_Coop_EB021R-EB019Y_lever.csv,EB019Y-EB021R,2024-05-08,Unfamiliar,transparent,cooperation,False,0.0233202556997448,0.0108919311915278,0.039918790638975,0.0012894729622211,0.0053499410134708,0.0165162281544075,20.485991995425955,0.0001646135696453943
050824_EB021R-023B-019Y_TimeOut_CNO_TrNum8,/gpfs/radev/pi/saxena/aj764/PairedTestingSessions/050824_EB021R-023B-019Y_TimeOut_CNO/Behavioral/processed/lever/050824_Cam4_TrNum8_Coop_EB021R-EB023B_lever.csv,EB021R-EB023B,2024-05-08,Training Partner,transparent,cooperation,False,0.0053703556368843,0.2322181557800939,0.1595791232397167,0.0017901185456281,0.0003779139151881,0.0032023231760681,10.800595238095235,-4.336808689942018e-19
051024_EB005Y-007R-003B_TimeOut_CNO_TrNum12,/gpfs/radev/pi/saxena/aj764/PairedTestingSessions/051024_EB005Y-007R-003B_TimeOut_CNO/Behavioral/processed/lever/051024_Cam2_TrNum12_Coop_EB005Y-EB003B_lever.csv,EB003B-EB005Y,2024-05-10,Unfamiliar,transparent,cooperation,False,0.0069611998695793,0.1777632865992827,0.0460873818063254,0.0019889142484512,0.0001141180306488,0.0047766547114444,7.347222222222222,8.151287903489929e-05
051024_EB011Y-015R-009B_TimeOut_CNO_TrNum7,/gpfs/radev/pi/saxena/aj764/PairedTestingSessions/051024_EB011Y-015R-009B_TimeOut_CNO/Behavioral/processed/lever/051024_Cam3_TrNum7_Coop_EB011Y-EB009B_lever.csv,EB009B-EB011Y,2024-05-10,Unfamiliar,transparent,cooperation,False,0.0094172481465329,0.2053396205843872,0.1093954426515481,6.814217182730047e-05,0.0004906236371565,0.008858482337549,13.663793103448276,9.8879238130678e-17
051024_EB011Y-015R-009B_TimeOut_CNO_TrNum9,/gpfs/radev/pi/saxena/aj764/PairedTestingSessions/051024_EB011Y-015R-009B_TimeOut_CNO/Behavioral/processed/lever/051024_Cam3_TrNum9_Coop_EB011Y-EB015R_lever.csv,EB011Y-EB015R,2024-05-10,Training Partner,transparent,cooperation,False,0.0006801125703564,0.3500234521575985,0.1255863039399624,0.0,0.0,0.0006801125703564,9.5,0.0
051024_EB023B-021R-019Y_TimeOut_CNO_TrNum7,/gpfs/radev/pi/saxena/aj764/PairedTestingSessions/051024_EB023B-021R-019Y_TimeOut_CNO/Behavioral/processed/lever/051024_Cam1_TrNum7_Coop_EB023B-EB021R_lever.csv,EB021R-EB023B,2024-05-10,Training Partner,transparent,cooperation,False,0.0029873956457685,0.1923255306378567,0.099184263654717,0.0001364107600807,0.0015823648169367,0.001268620068751,6.4411764705882355,9.996344030316351e-17
051024_EB023B-021R-019Y_TimeOut_CNO_TrNum12,/gpfs/radev/pi/saxena/aj764/PairedTestingSessions/051024_EB023B-021R-019Y_TimeOut_CNO/Behavioral/processed/lever/051024_Cam1_TrNum12_Coop_EB023B-EB019Y_lever.csv,EB019Y-EB023B,2024-05-10,Unfamiliar,transparent,cooperation,False,0.0185559613879467,0.0517218888599008,0.038563135924863,0.0006196190973128,0.0009131228802504,0.0170232194103835,14.556153846153846,0.0
051024_EB031B-001R-027Y_TimeOut_CNO_TrNum10,/gpfs/radev/pi/saxena/aj764/PairedTestingSessions/051024_EB031B-001R-027Y_TimeOut_CNO/Behavioral/processed/lever/051024_Cam4_TrNum10_Coop_EB031B-EB001R_lever.csv,EB001R-EB031B,2024-05-10,Training Partner,transparent,cooperation,False,0.0027926204454999,0.1634122743364778,0.2192646832464762,0.0002968533544429,0.0004507773160058,0.002033995206368,7.577272727272726,1.099456868319977e-05
051024_EB031B-001R-027Y_TimeOut_CNO_TrNum8,/gpfs/radev/pi/saxena/aj764/PairedTestingSessions/051024_EB031B-001R-027Y_TimeOut_CNO/Behavioral/processed/lever/051024_Cam4_TrNum8_Coop_EB031B-EB027Y_lever.csv,EB027Y-EB031B,2024-05-10,Unfamiliar,transparent,cooperation,False,0.003203781512605,0.1814285714285714,0.1802941176470588,0.0002626050420168,0.0013970588235294,0.0015441176470588,7.398809523809524,-2.168404344971009e-19
051324_EB001R-031B-033Y_TimeOut_VEH_TrNum11,/gpfs/radev/pi/saxena/aj764/PairedTestingSessions/051324_EB001R-031B-033Y_TimeOut_VEH/Behavioral/processed/lever/051324_Cam1_TrNum11_Coop_EB001R-EB031B_lever.csv,EB001R-EB031B,2024-05-13,Training Partner,transparent,cooperation,False,0.0018760659465605,0.3171688459351904,0.1699260943718021,0.0001421262080727,0.0014496873223422,0.0002842524161455,5.866666666666667,1.0001765041178778e-16
051324_EB007R-005Y-009B_TimeOut_VEH_TrNum11,/gpfs/radev/pi/saxena/aj764/PairedTestingSessions/051324_EB007R-005Y-009B_TimeOut_VEH/Behavioral/processed/lever/051324_Cam2_TrNum11_Coop_EB007R-EB009B_lever.csv,EB007R-EB009B,2024-05-13,Unfamiliar,transparent,cooperation,False,0.0240443269621797,0.059971024806832,0.0175884505896706,0.0007879219194794,0.0036473159821065,0.0195709638064253,15.409828536436006,3.812525416850218e-05
051324_EB015R-011Y-003B_TimeOut_VEH_TrNum8,/gpfs/radev/pi/saxena/aj764/PairedTestingSessions/051324_EB015R-011Y-003B_TimeOut_VEH/Behavioral/processed/lever/051324_Cam3_TrNum8_Coop_EB015R-EB011Y_lever.csv,EB011Y-EB015R,2024-05-13,Training Partner,transparent,cooperation,False,0.0017256999870572,0.3281849950386125,0.1146296216402778,2.1571249838215627e-05,0.0001509987488675,0.0015531299883515,4.781818181818181,-1.5395670849294163e-17
051324_EB015R-011Y-003B_TimeOut_VEH_TrNum12,/gpfs/radev/pi/saxena/aj764/PairedTestingSessions/051324_EB015R-011Y-003B_TimeOut_VEH/Behavioral/processed/lever/051324_Cam3_TrNum12_Coop_EB015R-EB003B_lever.csv,EB003B-EB015R,2024-05-13,Unfamiliar,transparent,cooperation,False,0.0081824404206334,0.0765042623358845,0.0603675357268786,0.0008089104598344,0.0006222388152572,0.0067512911455416,10.319783197831978,2.0036056147532122e-16
051324_EB021R-023B-027Y_TimeOut_VEH_TrNum7,/gpfs/radev/pi/saxena/aj764/PairedTestingSessions/051324_EB021R-023B-027Y_TimeOut_VEH/Behavioral/processed/lever/051324_Cam4_TrNum7_Coop_EB021R-EB023B_lever.csv,EB021R-EB023B,2024-05-13,Training Partner,transparent,cooperation,False,0.0054920309255135,0.1090024270022768,0.1341481722420997,0.0004503715565341,0.0006380263717566,0.004378612355193,11.664772727272728,2.502064202980058e-05
051424_EB011Y-015R-003B_TimeOut_VEH_TrNum7,/gpfs/radev/pi/saxena/aj764/PairedTestingSessions/051424_EB011Y-015R-003B_TimeOut_VEH/Behavioral/processed/lever/051424_Cam1_TrNum7_Coop_EB011Y-EB003B_lever.csv,EB003B-EB011Y,2024-05-14,Unfamiliar,transparent,cooperation,False,0.0082225778767425,0.083246352608262,0.0467028506482963,0.0001739614501426,0.0005218843504279,0.0074919397861433,10.380385487528343,3.479229002869861e-05
051424_EB011Y-015R-003B_TimeOut_VEH_TrNum10,/gpfs/radev/pi/saxena/aj764/PairedTestingSessions/051424_EB011Y-015R-003B_TimeOut_VEH/Behavioral/processed/lever/051424_Cam1_TrNum10_Coop_EB011Y-EB015R_lever.csv,EB011Y-EB015R,2024-05-14,Training Partner,transparent,cooperation,False,0.0017602151813614,0.3342431074720146,0.1335587990981369,0.0009493295360151,0.0004153316720066,0.0003955539733396,8.916666666666668,9.996344030316351e-17
051424_EB023B-021R-027Y_TimeOut_VEH_TrNum7,/gpfs/radev/pi/saxena/aj764/PairedTestingSessions/051424_EB023B-021R-027Y_TimeOut_VEH/Behavioral/processed/lever/051424_Cam2_TrNum7_Coop_EB023B-EB021R_lever.csv,EB021R-EB023B,2024-05-14,Training Partner,transparent,cooperation,False,0.006595744680851,0.1637021276595744,0.059,0.0009255319148936,0.0009893617021276,0.0046808510638297,11.364058355437669,1.0061396160665481e-16
051424_EB023B-021R-027Y_TimeOut_VEH_TrNum10,/gpfs/radev/pi/saxena/aj764/PairedTestingSessions/051424_EB023B-021R-027Y_TimeOut_VEH/Behavioral/processed/lever/051424_Cam2_TrNum10_Coop_EB023B-EB027Y_lever.csv,EB023B-EB027Y,2024-05-14,Unfamiliar,transparent,cooperation,False,0.0094655384780163,0.1384485620950034,0.066419429122262,0.0007497456220211,0.0003614844963316,0.0083543083596636,15.961697722567289,-1.734723475976807e-18
051424_EB031B-001R-033Y_TimeOut_VEH_TrNum7,/gpfs/radev/pi/saxena/aj764/PairedTestingSessions/051424_EB031B-001R-033Y_TimeOut_VEH/Behavioral/processed/lever/051424_Cam3_TrNum7_Coop_EB031B-EB033Y_lever.csv,EB031B-EB033Y,2024-05-14,Unfamiliar,transparent,cooperation,False,0.0545927968141438,0.0537066211544352,0.00808498533981,0.0038291540851603,0.0051857686753314,0.0455341122926786,24.19930295598296,4.376176097350276e-05
051424_EB031B-001R-033Y_TimeOut_VEH_TrNum11,/gpfs/radev/pi/saxena/aj764/PairedTestingSessions/051424_EB031B-001R-033Y_TimeOut_VEH/Behavioral/processed/lever/051424_Cam3_TrNum11_Coop_EB031B-EB001R_lever.csv,EB001R-EB031B,2024-05-14,Training Partner,transparent,cooperation,False,0.0028060558600887,0.2579831201600974,0.1180718698338118,0.0011528756634473,0.0,0.0016531801966414,9.7,0.0
051524_EB001R-031B-019Y_TimeOut_VEH_TrNum11,/gpfs/radev/pi/saxena/aj764/PairedTestingSessions/051524_EB001R-031B-019Y_TimeOut_VEH/Behavioral/processed/lever/051524_Cam1_TrNum11_Coop_EB001R-EB031B_lever.csv,EB001R-EB031B,2024-05-15,Training Partner,transparent,cooperation,False,0.0029012948937209,0.3363669679941363,0.1754825311507451,0.0014353774737356,0.0005497190324945,0.0009161983874908,5.651515151515151,-2.168404344971009e-19
051524_EB001R-031B-019Y_TimeOut_VEH_TrNum7,/gpfs/radev/pi/saxena/aj764/PairedTestingSessions/051524_EB001R-031B-019Y_TimeOut_VEH/Behavioral/processed/lever/051524_Cam1_TrNum7_Coop_EB001R-EB019Y_lever.csv,EB001R-EB019Y,2024-05-15,Unfamiliar,transparent,cooperation,False,0.0470508196367249,0.0338329625710027,0.0177857929634349,0.0115116304183494,0.0018790090926761,0.0335629900002159,24.086834359111585,9.719012548350947e-05
051524_EB007R-005Y-027Y_TimeOut_VEH_TrNum11,/gpfs/radev/pi/saxena/aj764/PairedTestingSessions/051524_EB007R-005Y-027Y_TimeOut_VEH/Behavioral/processed/lever/051524_Cam2_TrNum11_Coop_EB007R-EB027Y_lever.csv,EB007R-EB027Y,2024-05-15,Unfamiliar,transparent,cooperation,False,0.00424960159985,0.3172358841358623,0.1068337343374058,0.0025153891822641,0.0002343530294034,0.0014998593881823,11.71590909090909,2.0014372104082412e-16
051524_EB015R-011Y_033Y_TimeOut_VEH_TrNum12,/gpfs/radev/pi/saxena/aj764/PairedTestingSessions/051524_EB015R-011Y_033Y_TimeOut_VEH/Behavioral/processed/lever/051524_Cam3_TrNum12_Coop_EB015R-EB033Y_lever.csv,EB015R-EB033Y,2024-05-15,Unfamiliar,transparent,cooperation,False,0.033834667355194,0.0563839400981151,0.0321886565108873,0.0037223513211119,0.0120707461915827,0.0180200533608744,23.453947368421055,2.151648162499603e-05
051524_EB015R-011Y_033Y_TimeOut_VEH_TrNum8,/gpfs/radev/pi/saxena/aj764/PairedTestingSessions/051524_EB015R-011Y_033Y_TimeOut_VEH/Behavioral/processed/lever/051524_Cam3_TrNum8_Coop_EB015R-EB011Y_lever.csv,EB011Y-EB015R,2024-05-15,Training Partner,transparent,cooperation,False,0.0001220703125,0.37127685546875,0.141693115234375,0.0,3.0517578125e-05,9.1552734375e-05,,0.0
051524_EB021R-023B-009B_TimeOut_VEH_TrNum7,/gpfs/radev/pi/saxena/aj764/PairedTestingSessions/051524_EB021R-023B-009B_TimeOut_VEH/Behavioral/processed/lever/051524_Cam4_TrNum7_Coop_EB021R-EB023B_lever.csv,EB021R-EB023B,2024-05-15,Training Partner,transparent,cooperation,False,0.0034194119042996,0.1222466722757966,0.2405885271719198,0.0,0.000625633723815,0.0027937781804845,8.575,9.974659986866641e-17
051524_EB021R-023B-009B_TimeOut_VEH_TrNum9,/gpfs/radev/pi/saxena/aj764/PairedTestingSessions/051524_EB021R-023B-009B_TimeOut_VEH/Behavioral/processed/lever/051524_Cam4_TrNum9_Coop_EB021R-EB009B_lever.csv,EB009B-EB021R,2024-05-15,Unfamiliar,transparent,cooperation,False,0.024562062062062,0.0343093093093093,0.0554054054054054,0.0012387387387387,0.0008133133133133,0.0223223223223223,18.2853125,0.0001876876876877008
052024_EB031B-001R-EB019Y_TimeOut_VEH_BAD_TrNum7,/gpfs/radev/pi/saxena/aj764/PairedTestingSessions/052024_EB031B-001R-EB019Y_TimeOut_VEH_BAD/Behavioral/processed/lever/052024_Cam3_TrNum7_Coop_EB031B-EB019Y_lever.csv,EB019Y-EB031B,2024-05-20,Unfamiliar,transparent,cooperation,False,0.0273003033367037,0.0055611729019211,0.0063813054712953,0.0014829794405123,0.0023255813953488,0.0234917425008426,13.66138870863076,3.469446951953614e-18
052124_EB001R-031B-003B_TimeOut_CNO_TrNum10,/gpfs/radev/pi/saxena/aj764/PairedTestingSessions/052124_EB001R-031B-003B_TimeOut_CNO/Behavioral/processed/lever/052124_Cam3_TrNum10_Coop_EB001R-EB031B_lever.csv,EB001R-EB031B,2024-05-21,Training Partner,transparent,cooperation,False,0.0039626272345166,0.1351471109535625,0.0937104370284093,0.0002278827163619,0.0004557654327239,0.0032789790854306,7.483253588516746,2.0036056147532122e-16
052124_EB001R-031B-003B_TimeOut_CNO_TrNum8,/gpfs/radev/pi/saxena/aj764/PairedTestingSessions/052124_EB001R-031B-003B_TimeOut_CNO/Behavioral/processed/lever/052124_Cam3_TrNum8_Coop_EB001R-EB003B_lever.csv,EB001R-EB003B,2024-05-21,Unfamiliar,transparent,cooperation,False,0.016760494956134,0.0376075215043008,0.0474809247563798,0.0009001800360072,0.0009430457520075,0.0149172691681193,12.476151315789473,-1.734723475976807e-18
052124_EB007R-005Y-023B_TimeOut_CNO_TrNum9,/gpfs/radev/pi/saxena/aj764/PairedTestingSessions/052124_EB007R-005Y-023B_TimeOut_CNO/Behavioral/processed/lever/052124_Cam1_TrNum9_Coop_EB007R-EB005Y_lever.csv,EB005Y-EB007R,2024-05-21,Training Partner,transparent,cooperation,False,0.0061652042827876,0.1632716168683081,0.1547099068455026,0.0028216922422789,0.0010822929148467,0.0022612191256619,10.173076923076923,1.0061396160665481e-16
052124_EB007R-005Y-023B_TimeOut_CNO_TrNum7,/gpfs/radev/pi/saxena/aj764/PairedTestingSessions/052124_EB007R-005Y-023B_TimeOut_CNO/Behavioral/processed/lever/052124_Cam1_TrNum7_Coop_EB007R-EB023B_lever.csv,EB007R-EB023B,2024-05-21,Unfamiliar,transparent,cooperation,False,0.007885205493234,0.1017153780371246,0.0642260677096433,0.0005910760098596,0.0004527390713818,0.0068413904119925,9.17663043478261,9.8879238130678e-17
052124_EB015R-011Y_019Y_TimeOut_CNO_TrNum8,/gpfs/radev/pi/saxena/aj764/PairedTestingSessions/052124_EB015R-011Y_019Y_TimeOut_CNO/Behavioral/processed/lever/052124_Cam4_TrNum8_Coop_EB015R-EB011Y_lever.csv,EB011Y-EB015R,2024-05-21,Training Partner,transparent,cooperation,False,0.0033759620061225,0.1387720653448917,0.1487569021257116,0.0002574886275856,0.0010013446628329,0.0021171287157039,8.428571428571429,9.974659986866641e-17
052124_EB015R-011Y_019Y_TimeOut_CNO_TrNum12,/gpfs/radev/pi/saxena/aj764/PairedTestingSessions/052124_EB015R-011Y_019Y_TimeOut_CNO/Behavioral/processed/lever/052124_Cam4_TrNum12_Coop_EB015R-EB019Y_lever.csv,EB015R-EB019Y,2024-05-21,Unfamiliar,transparent,cooperation,False,0.0685076016134036,0.0039559416692522,0.0279863481228668,0.0001551349674216,0.0090753955941669,0.059277071051815,32.69204927211646,9.71445146547012e-17
052324_EB007R-005Y-033Y_TimeOut_VEH_TrNum10,/gpfs/radev/pi/saxena/aj764/PairedTestingSessions/052324_EB007R-005Y-033Y_TimeOut_VEH/Behavioral/processed/lever/052324_Cam3_TrNum10_Coop_EB007R-EB005Y_lever.csv,EB005Y-EB007R,2024-05-23,Training Partner,transparent,cooperation,False,0.0046127629568691,0.1844811376189916,0.0836467269949465,0.0011752262310494,0.0011311552473851,0.0023063814784345,12.903030303030302,9.974659986866641e-17
052324_EB007R-005Y-033Y_TimeOut_VEH_TrNum12,/gpfs/radev/pi/saxena/aj764/PairedTestingSessions/052324_EB007R-005Y-033Y_TimeOut_VEH/Behavioral/processed/lever/052324_Cam3_TrNum12_Coop_EB007R-EB033Y_lever.csv,EB007R-EB033Y,2024-05-23,Unfamiliar,transparent,cooperation,False,0.0507902201810077,0.0506281237336215,0.0198297987302444,0.0337025530190463,0.0001756044846683,0.0168850466027286,22.464259259259254,2.7016074564494702e-05
052324_EB015R-011Y_023B_TimeOut_VEH_TrNum7,/gpfs/radev/pi/saxena/aj764/PairedTestingSessions/052324_EB015R-011Y_023B_TimeOut_VEH/Behavioral/processed/lever/052324_Cam2_TrNum7_Coop_EB015R-EB023B_lever.csv,EB015R-EB023B,2024-05-23,Unfamiliar,transparent,cooperation,False,0.0109398577279586,0.1389846949773658,0.0793813321836602,0.0003449019185169,0.0012179348997628,0.0093015736150032,9.629261363636363,7.544729467570156e-05
052324_EB015R-011Y_023B_TimeOut_VEH_TrNum12,/gpfs/radev/pi/saxena/aj764/PairedTestingSessions/052324_EB015R-011Y_023B_TimeOut_VEH/Behavioral/processed/lever/052324_Cam2_TrNum12_Coop_EB015R-EB011Y_lever.csv,EB011Y-EB015R,2024-05-23,Training Partner,transparent,cooperation,False,0.0018104572007917,0.362670786462608,0.1566648964418481,0.0001689760054072,0.0008448800270361,0.0007966011683483,8.666666666666666,9.996344030316351e-17
052324_EB029R-027Y-003B_TimeOut_VEH_TrNum12,/gpfs/radev/pi/saxena/aj764/PairedTestingSessions/052324_EB029R-027Y-003B_TimeOut_VEH/Behavioral/processed/lever/052324_Cam4_TrNum12_Coop_EB029R-EB027Y_lever.csv,EB027Y-EB029R,2024-05-23,Training Partner,transparent,cooperation,False,0.0027672786177105,0.1151862850971922,0.2445464362850972,0.0002024838012958,0.0009584233261339,0.0016063714902807,8.32905982905983,1.0018028073766061e-16
052324_EB029R-027Y-003B_TimeOut_VEH_TrNum10,/gpfs/radev/pi/saxena/aj764/PairedTestingSessions/052324_EB029R-027Y-003B_TimeOut_VEH/Behavioral/processed/lever/052324_Cam4_TrNum10_Coop_EB029R-EB003B_lever.csv,EB003B-EB029R,2024-05-23,Unfamiliar,transparent,cooperation,False,0.0080172987358616,0.0338323353293413,0.0580006653359946,1.66333998669328e-05,0.0005988023952095,0.0073186959414504,12.278514588859416,8.316699933476682e-05
052424_EB005Y-007R-023B_TimeOut_CNO_TrNum9,/gpfs/radev/pi/saxena/aj764/PairedTestingSessions/052424_EB005Y-007R-023B_TimeOut_CNO/Behavioral/processed/lever/052424_Cam1_TrNum9_Coop_EB005Y-EB023B_lever.csv,EB005Y-EB023B,2024-05-24,Unfamiliar,transparent,cooperation,False,0.0146252489761206,0.1164313049705704,0.0507687487411319,0.0026520153078351,0.0006378264664413,0.0113018373878208,12.25,3.356981402339969e-05
052424_EB005Y-007R-023B_TimeOut_CNO_TrNum11,/gpfs/radev/pi/saxena/aj764/PairedTestingSessions/052424_EB005Y-007R-023B_TimeOut_CNO/Behavioral/processed/lever/052424_Cam1_TrNum11_Coop_EB005Y-EB007R_lever.csv,EB005Y-EB007R,2024-05-24,Training Partner,transparent,cooperation,False,0.0022027644694091,0.2975384107054353,0.1423536538355636,0.0007158984525579,0.0009086403436312,0.0004680874497494,6.314285714285715,0.00011013822347059996
052424_EB011Y-015R-003B_TimeOut_CNO_TrNum12,/gpfs/radev/pi/saxena/aj764/PairedTestingSessions/052424_EB011Y-015R-003B_TimeOut_CNO/Behavioral/processed/lever/052424_Cam2_TrNum12_Coop_EB011Y-EB015R_lever.csv,EB011Y-EB015R,2024-05-24,Training Partner,transparent,cooperation,False,0.0003674014696058,0.4473279893119573,0.1534736138944555,0.0001670006680026,0.0002004008016032,0.0,5.5,0.0
052424_EB011Y-015R-003B_TimeOut_CNO_TrNum7,/gpfs/radev/pi/saxena/aj764/PairedTestingSessions/052424_EB011Y-015R-003B_TimeOut_CNO/Behavioral/processed/lever/052424_Cam2_TrNum7_Coop_EB011Y-EB003B_lever.csv,EB003B-EB011Y,2024-05-24,Unfamiliar,transparent,cooperation,False,0.0021155047755065,0.2562884941533517,0.1084441667410515,0.0006337588146032,0.0003659733999821,0.0011068463804338,5.73792270531401,8.926180487400228e-06
052424_EB027Y-029R-017B_TimeOut_CNO_TrNum12,/gpfs/radev/pi/saxena/aj764/PairedTestingSessions/052424_EB027Y-029R-017B_TimeOut_CNO/Behavioral/processed/lever/052424_Cam3_TrNum12_Coop_EB027Y-EB029R_lever.csv,EB027Y-EB029R,2024-05-24,Training Partner,transparent,cooperation,False,0.0019859935193895,0.3458067663147625,0.1203616598724783,0.0016724155952754,6.968398313647608e-05,0.0002438939409776,8.7,2.382534274036896e-17
052424_EB027Y-029R-017B_TimeOut_CNO_TrNum10,/gpfs/radev/pi/saxena/aj764/PairedTestingSessions/052424_EB027Y-029R-017B_TimeOut_CNO/Behavioral/processed/lever/052424_Cam3_TrNum10_Coop_EB027Y-EB017B_lever.csv,EB017B-EB027Y,2024-05-24,Unfamiliar,transparent,cooperation,False,0.0157174071376547,0.1176984705025491,0.0610487982520029,0.0015440640932265,0.0004515659140568,0.0137217771303714,9.82640144665461,-1.734723475976807e-18
052424_EB031B-001R-033Y_TimeOut_CNO_TrNum12,/gpfs/radev/pi/saxena/aj764/PairedTestingSessions/052424_EB031B-001R-033Y_TimeOut_CNO/Behavioral/processed/lever/052424_Cam4_TrNum12_Coop_EB031B-EB001R_lever.csv,EB001R-EB031B,2024-05-24,Training Partner,transparent,cooperation,False,0.0019038308163317,0.1623530319792122,0.2408731894311662,0.0001800921042476,0.0002701381563714,0.0014536005557127,6.055555555555555,-2.168404344971009e-19
052424_EB031B-001R-033Y_TimeOut_CNO_TrNum7,/gpfs/radev/pi/saxena/aj764/PairedTestingSessions/052424_EB031B-001R-033Y_TimeOut_CNO/Behavioral/processed/lever/052424_Cam4_TrNum7_Coop_EB031B-EB033Y_lever.csv,EB031B-EB033Y,2024-05-24,Unfamiliar,transparent,cooperation,False,0.0112966730967418,0.0700525856829532,0.1363528261501466,0.0001321248315408,0.0037919826652221,0.0073725655999788,10.638421052631578,9.974659986866641e-17
052824_EB005Y-007R-017B_TimeOut_VEH_TrNum10,/gpfs/radev/pi/saxena/aj764/PairedTestingSessions/052824_EB005Y-007R-017B_TimeOut_VEH/Behavioral/processed/lever/052824_Cam1_TrNum10_Coop_EB005Y-EB007R_lever.csv,EB005Y-EB007R,2024-05-28,Training Partner,transparent,cooperation,False,0.0022234574763757,0.2940522512506948,0.1606679636835279,0.000532703353715,0.0009264406151565,0.0007643135075041,7.05,9.996344030316351e-17
052824_EB005Y-007R-017B_TimeOut_VEH_TrNum12,/gpfs/radev/pi/saxena/aj764/PairedTestingSessions/052824_EB005Y-007R-017B_TimeOut_VEH/Behavioral/processed/lever/052824_Cam1_TrNum12_Coop_EB005Y-EB017B_lever.csv,EB005Y-EB017B,2024-05-28,Unfamiliar,transparent,cooperation,False,0.0111271036315323,0.1133525243578388,0.0675597874224977,0.0019375553587245,0.0025354295837023,0.0066430469441984,13.95,1.1071744907099196e-05
052824_EB011Y-015R-023B_TimeOut_VEH_TrNum9,/gpfs/radev/pi/saxena/aj764/PairedTestingSessions/052824_EB011Y-015R-023B_TimeOut_VEH/Behavioral/processed/lever/052824_Cam4_TrNum9_Coop_EB011Y-EB023B_lever.csv,EB011Y-EB023B,2024-05-28,Unfamiliar,transparent,cooperation,False,0.0040784401363204,0.1061884276589008,0.1128554667858539,0.0007542320800044,0.0001210495930871,0.0032031584632288,9.076013513513514,1.0018028073766061e-16
052824_EB011Y-015R-023B_TimeOut_VEH_TrNum12,/gpfs/radev/pi/saxena/aj764/PairedTestingSessions/052824_EB011Y-015R-023B_TimeOut_VEH/Behavioral/processed/lever/052824_Cam4_TrNum12_Coop_EB011Y-EB015R_lever.csv,EB011Y-EB015R,2024-05-28,Training Partner,transparent,cooperation,False,0.0017144716423887,0.1938729538969815,0.1365820693797867,0.0001126295239525,0.0002753166141062,0.0013265255043299,4.238888888888889,9.996344030316351e-17
052824_EB027Y-029R-003B_TimeOut_VEH_TrNum11,/gpfs/radev/pi/saxena/aj764/PairedTestingSessions/052824_EB027Y-029R-003B_TimeOut_VEH/Behavioral/processed/lever/052824_Cam2_TrNum11_Coop_EB027Y-EB029R_lever.csv,EB027Y-EB029R,2024-05-28,Training Partner,transparent,cooperation,False,0.0016745099171406,0.3665300112596356,0.0837254958570315,0.0004474983399255,0.0001443543032017,0.0010682218436931,8.158333333333333,1.4435430320299935e-05
052824_EB027Y-029R-003B_TimeOut_VEH_TrNum9,/gpfs/radev/pi/saxena/aj764/PairedTestingSessions/052824_EB027Y-029R-003B_TimeOut_VEH/Behavioral/processed/lever/052824_Cam2_TrNum9_Coop_EB027Y-EB003B_lever.csv,EB003B-EB027Y,2024-05-28,Unfamiliar,transparent,cooperation,False,0.0082138176717057,0.0901120401646455,0.0618251287446702,0.0004983664654742,0.0003783893534156,0.0073370618528157,10.084948979591836,2.0036056147532122e-16
052824_EB031B-001R-019Y_TimeOut_VEH_TrNum12,/gpfs/radev/pi/saxena/aj764/PairedTestingSessions/052824_EB031B-001R-019Y_TimeOut_VEH/Behavioral/processed/lever/052824_Cam3_TrNum12_Coop_EB031B-EB019Y_lever.csv,EB019Y-EB031B,2024-05-28,Unfamiliar,transparent,cooperation,False,0.0410802544382632,0.0357055785810855,0.0241029278131164,0.0043551497151975,0.0002216361178217,0.0364702231875706,24.580023923444976,3.324541767339706e-05
052824_EB031B-001R-019Y_TimeOut_VEH_TrNum10,/gpfs/radev/pi/saxena/aj764/PairedTestingSessions/052824_EB031B-001R-019Y_TimeOut_VEH/Behavioral/processed/lever/052824_Cam3_TrNum10_Coop_EB031B-EB001R_lever.csv,EB001R-EB031B,2024-05-28,Training Partner,transparent,cooperation,False,0.001130994269629,0.2406504473710666,0.1264200261385342,0.0006283301497939,0.0,0.0005026641198351,5.033333333333333,1.0842021724855044e-19
052924_EB001R-031B-033Y_TimeOut_CNO_TrNum8,/gpfs/radev/pi/saxena/aj764/PairedTestingSessions/052924_EB001R-031B-033Y_TimeOut_CNO/Behavioral/processed/lever/052924_Cam2_TrNum8_Coop_EB001R-EB031B_lever.csv,EB001R-EB031B,2024-05-29,Training Partner,transparent,cooperation,False,0.0005858917272088,0.2866517124778198,0.0825939937728079,5.021929090361244e-05,8.369881817268741e-05,0.0004519736181325,5.0,1.6263032587282567e-19
052924_EB007R-005Y-019Y_TimeOut_CNO_TrNum10,/gpfs/radev/pi/saxena/aj764/PairedTestingSessions/052924_EB007R-005Y-019Y_TimeOut_CNO/Behavioral/processed/lever/052924_Cam4_TrNum10_Coop_EB007R-EB019Y_lever.csv,EB007R-EB019Y,2024-05-29,Unfamiliar,transparent,cooperation,False,0.0179719817846838,0.0511784336218583,0.0383251642507039,0.001042861612264,0.0006430979942294,0.0161817360169638,13.94468524251806,0.00010428616122660009
052924_EB015R-011Y_017B_TimeOut_CNO_TrNum10,/gpfs/radev/pi/saxena/aj764/PairedTestingSessions/052924_EB015R-011Y_017B_TimeOut_CNO/Behavioral/processed/lever/052924_Cam3_TrNum10_Coop_EB015R-EB017B_lever.csv,EB015R-EB017B,2024-05-29,Unfamiliar,transparent,cooperation,False,0.0040361079767381,0.2224806874403263,0.1085496050690044,0.0005034285218297,0.0004166305008245,0.0031160489540838,10.629166666666666,1.0018028073766061e-16
052924_EB015R-011Y_017B_TimeOut_CNO_TrNum12,/gpfs/radev/pi/saxena/aj764/PairedTestingSessions/052924_EB015R-011Y_017B_TimeOut_CNO/Behavioral/processed/lever/052924_Cam3_TrNum12_Coop_EB015R-EB011Y_lever.csv,EB011Y-EB015R,2024-05-29,Training Partner,transparent,cooperation,False,0.0,0.3713877338877339,0.1538201663201663,0.0,0.0,0.0,,0.0
052924_EB029R-027Y-023B_TimeOut_CNO_TrNum10,/gpfs/radev/pi/saxena/aj764/PairedTestingSessions/052924_EB029R-027Y-023B_TimeOut_CNO/Behavioral/processed/lever/052924_Cam1_TrNum10_Coop_EB029R-EB023B_lever.csv,EB023B-EB029R,2024-05-29,Unfamiliar,transparent,cooperation,False,0.0026759587247805,0.2216040351147389,0.1839288464500231,0.0005775450485137,0.0011165870937933,0.0009818265824734,5.669642857142858,9.996344030316351e-17
052924_EB029R-027Y-023B_TimeOut_CNO_TrNum7,/gpfs/radev/pi/saxena/aj764/PairedTestingSessions/052924_EB029R-027Y-023B_TimeOut_CNO/Behavioral/processed/lever/052924_Cam1_TrNum7_Coop_EB029R-EB027Y_lever.csv,EB027Y-EB029R,2024-05-29,Training Partner,transparent,cooperation,False,0.0030483087302324,0.2311453594528518,0.1541639587782007,0.0011759972766378,0.0001702101321449,0.0016866276730727,7.978571428571429,1.5473648377000316e-05
053124_EB005Y-007R-003B_TimeOut_CNO_TrNum12,/gpfs/radev/pi/saxena/aj764/PairedTestingSessions/053124_EB005Y-007R-003B_TimeOut_CNO/Behavioral/processed/lever/053124_Cam2_TrNum12_Coop_EB005Y-EB003B_lever.csv,EB003B-EB005Y,2024-05-31,Unfamiliar,transparent,cooperation,False,0.0025662545595403,0.3062155008231382,0.1323315794570515,0.0010087478614545,6.455986313309016e-05,0.0014929468349527,8.237536656891496,9.75781955236954e-18
053124_EB011Y-015R-017B_TimeOut_CNO_TrNum8,/gpfs/radev/pi/saxena/aj764/PairedTestingSessions/053124_EB011Y-015R-017B_TimeOut_CNO/Behavioral/processed/lever/053124_Cam4_TrNum8_Coop_EB011Y-EB015R_lever.csv,EB011Y-EB015R,2024-05-31,Training Partner,transparent,cooperation,False,0.0002204221083374,0.3597564335702871,0.2037251336309031,0.0,2.7552763542183283e-05,0.0001928693447952,2.75,1.6696713456276768e-17
053124_EB011Y-015R-017B_TimeOut_CNO_TrNum10,/gpfs/radev/pi/saxena/aj764/PairedTestingSessions/053124_EB011Y-015R-017B_TimeOut_CNO/Behavioral/processed/lever/053124_Cam4_TrNum10_Coop_EB011Y-EB017B_lever.csv,EB011Y-EB017B,2024-05-31,Unfamiliar,transparent,cooperation,False,0.0017207360161519,0.1448630294131143,0.2262653145505437,0.0001261873078511,0.0001147157344101,0.0014798329738906,6.992647058823529,9.996344030316351e-17
053124_EB027Y-029R-023B_TimeOut_CNO_TrNum12,/gpfs/radev/pi/saxena/aj764/PairedTestingSessions/053124_EB027Y-029R-023B_TimeOut_CNO/Behavioral/processed/lever/053124_Cam1_TrNum12_Coop_EB027Y-EB003B_lever.csv,EB003B-EB027Y,2024-05-31,Training Partner,transparent,cooperation,False,0.0051911062109518,0.1934950385887541,0.1002006002695087,0.001768651231165,0.0005895504103883,0.0026185226019845,12.753155680224404,0.0002143819674140005
053124_EB027Y-029R-023B_TimeOut_CNO_TrNum7,/gpfs/radev/pi/saxena/aj764/PairedTestingSessions/053124_EB027Y-029R-023B_TimeOut_CNO/Behavioral/processed/lever/053124_Cam1_TrNum7_Coop_EB027Y-EB029R_lever.csv,EB027Y-EB029R,2024-05-31,Training Partner,transparent,cooperation,False,0.0014552863275849,0.289747507822164,0.1365240486065633,0.001055082587499,0.0002546751073273,0.0001455286327584,5.0476190476190474,2.0014372104082412e-16
053124_EB031B-001R-033Y_TimeOut_CNO_TrNum7,/gpfs/radev/pi/saxena/aj764/PairedTestingSessions/053124_EB031B-001R-033Y_TimeOut_CNO/Behavioral/processed/lever/053124_Cam3_TrNum7_Coop_EB031B-EB001R_lever.csv,EB001R-EB031B,2024-05-31,Training Partner,transparent,cooperation,False,0.000413458059848,0.3734301514290144,0.1245542405292263,5.168225748100677e-05,0.0,0.000361775802367,2.75,-6.776263578034403e-18
053124_EB031B-001R-033Y_TimeOut_CNO_TrNum12,/gpfs/radev/pi/saxena/aj764/PairedTestingSessions/053124_EB031B-001R-033Y_TimeOut_CNO/Behavioral/processed/lever/053124_Cam3_TrNum12_Coop_EB031B-EB033Y_lever.csv,EB031B-EB033Y,2024-05-31,Unfamiliar,transparent,cooperation,False,0.0121827791730704,0.2982344341567642,0.1022416313678449,0.0067098999137834,0.0002436555834614,0.0052292236758256,16.4,0.0
090324_FiberPho_KL002B-KL003_TimeOut_TrNum14,/gpfs/radev/pi/saxena/aj764/PairedTestingSessions/090324_FiberPho_KL002B-KL003_TimeOut/Behavioral/processed/lever/090324_Cam1_TrNum14_Coop_KL002B-KL002Y_lever.csv,KL002B-KL002Y,2024-09-03,Training Partner,transparent,cooperation,True,0.0030792199309508,0.3546001679574507,0.123238779509191,0.0007698049827377,0.0016329196603527,0.0006764952878604,11.1375,1.0842021724855044e-19
090924_FiberPho_KL007G-KL002_TimeOut_TrNum10,/gpfs/radev/pi/saxena/aj764/PairedTestingSessions/090924_FiberPho_KL007G-KL002_TimeOut/Behavioral/processed/lever/090924_Cam1_TrNum10_Coop_KL007G-KL002Y_lever.csv,KL002Y-KL007G,2024-09-09,Unfamiliar,transparent,cooperation,True,0.0007471530890915,0.2305611377338073,0.155485134229917,2.5763899623847067e-05,0.0001288194981192,0.0005925696913484,6.416666666666667,5.2909066017292616e-17
090924_FiberPho_KL007G-KL002_TimeOut_TrNum8,/gpfs/radev/pi/saxena/aj764/PairedTestingSessions/090924_FiberPho_KL007G-KL002_TimeOut/Behavioral/processed/lever/090924_Cam1_TrNum8_Coop_KL007G-KL007Y_lever.csv,KL007G-KL007Y,2024-09-09,Training Partner,transparent,cooperation,True,0.0022019648301561,0.1699054540975023,0.1566474700501986,0.0007237227064149,0.0003079671091127,0.0011702750146284,12.083333333333332,9.996344030316351e-17
090924_FiberPho_KL008B-KL003_TimeOut_TrNum14,/gpfs/radev/pi/saxena/aj764/PairedTestingSessions/090924_FiberPho_KL008B-KL003_TimeOut/Behavioral/processed/lever/090924_Cam2_TrNum14_Coop_KL008B-KL002Y_lever.csv,KL002Y-KL008B,2024-09-09,Unfamiliar,transparent,cooperation,True,0.0027109689976365,0.3062352286945641,0.0505873766161545,0.0001216460447657,0.0003128041151119,0.0022765188377589,8.666666666666668,4.336808689942018e-19
091024_FiberPho_KL007Y-KL002_TimeOut_TrNum8,/gpfs/radev/pi/saxena/aj764/PairedTestingSessions/091024_FiberPho_KL007Y-KL002_TimeOut/Behavioral/processed/lever/091024_Cam1_TrNum8_Coop_KL007Y-KL007G_lever.csv,KL007G-KL007Y,2024-09-10,Training Partner,transparent,cooperation,True,0.0029956514736672,0.2584313093895957,0.1924947656627476,8.052826542116283e-05,0.0014656144306651,0.0014495087775809,11.467532467532468,3.707971429900425e-17
091024_FiberPho_KL007Y-KL002_TimeOut_TrNum14,/gpfs/radev/pi/saxena/aj764/PairedTestingSessions/091024_FiberPho_KL007Y-KL002_TimeOut/Behavioral/processed/lever/091024_Cam1_TrNum14_Coop_KL007Y-KL002B_lever.csv,KL002B-KL007Y,2024-09-10,Unfamiliar,transparent,cooperation,True,0.0033062482488091,0.3039226674138414,0.2103950686466797,0.0018492574950966,0.0,0.0014569907537125,16.666666666666668,0.0
091124_FiberPho_KL002Y-KL005_TimeOut_TrNum8,/gpfs/radev/pi/saxena/aj764/PairedTestingSessions/091124_FiberPho_KL002Y-KL005_TimeOut/Behavioral/processed/lever/091124_Cam1_TrNum8_Coop_KL002Y-KL002B_lever.csv,KL002B-KL002Y,2024-09-11,Training Partner,transparent,cooperation,True,0.0015307766677408,0.2476635514018691,0.2483080889461811,0.0,0.0008862391234289,0.0003491245031689,3.8055555555555554,0.00029541304114299994
091124_FiberPho_KL002Y-KL005_TimeOut_TrNum14,/gpfs/radev/pi/saxena/aj764/PairedTestingSessions/091124_FiberPho_KL002Y-KL005_TimeOut/Behavioral/processed/lever/091124_Cam1_TrNum14_Coop_KL002Y-KL005B_lever.csv,KL002Y-KL005B,2024-09-11,Unfamiliar,transparent,cooperation,True,0.0112866248456906,0.054165721915703,0.0542538986723099,0.0001889501927291,0.0019272919658378,0.0091451893280931,15.366883116883116,2.5193359030600132e-05
091224_FiberPho_KL002B-KL005_TimeOut_NoTTL_TrNum14,/gpfs/radev/pi/saxena/aj764/PairedTestingSessions/091224_FiberPho_KL002B-KL005_TimeOut_NoTTL/Behavioral/processed/lever/091224_Cam1_TrNum14_Coop_KL002B-KL002Y_lever.csv,KL002B-KL002Y,2024-09-12,Training Partner,transparent,cooperation,True,0.0006948733786287,0.3757720815318097,0.2127470660901791,0.0,0.0,0.0006948733786287,,0.0
091224_FiberPho_KL002B-KL005_TimeOut_NoTTL_TrNum8,/gpfs/radev/pi/saxena/aj764/PairedTestingSessions/091224_FiberPho_KL002B-KL005_TimeOut_NoTTL/Behavioral/processed/lever/091224_Cam1_TrNum8_Coop_KL002B-KL005Y_lever.csv,KL002B-KL005Y,2024-09-12,Unfamiliar,transparent,cooperation,True,0.0030737704918032,0.2977831594634873,0.1207852086438152,0.0006752980625931,0.0005122950819672,0.0018861773472429,8.25,2.168404344971009e-19
091324_FiberPho_KL005Y_KL007_TimeOut_TrNum10,/gpfs/radev/pi/saxena/aj764/PairedTestingSessions/091324_FiberPho_KL005Y_KL007_TimeOut/Behavioral/processed/lever/091324_Cam2_TrNum10_Coop_KL005Y-KL005B_lever.csv,KL005B-KL005Y,2024-09-13,Training Partner,transparent,cooperation,True,0.0021347565043362,0.4279074938848121,0.1207471647765176,0.0012452746275294,0.0006448743606849,0.0002446075161218,6.604166666666666,1.0028870095490916e-16
091324_FiberPho_KL006G-KL002_TimeOut_TrNum8,/gpfs/radev/pi/saxena/aj764/PairedTestingSessions/091324_FiberPho_KL006G-KL002_TimeOut/Behavioral/processed/lever/091324_Cam1_TrNum8_Coop_KL006G-KL006R_lever.csv,KL006G-KL006R,2024-09-13,Training Partner,transparent,cooperation,True,0.0015262515262515,0.2984988867341808,0.1312396753573224,0.0001256913021618,0.0002334267040149,0.0011671335200746,6.125,1.9992688060632702e-16
091324_FiberPho_KL006G-KL002_TimeOut_TrNum12,/gpfs/radev/pi/saxena/aj764/PairedTestingSessions/091324_FiberPho_KL006G-KL002_TimeOut/Behavioral/processed/lever/091324_Cam1_TrNum12_Coop_KL006G-KL002Y_lever.csv,KL002Y-KL006G,2024-09-13,Unfamiliar,transparent,cooperation,True,0.0034849596478356,0.3158168256297383,0.2388114453411592,0.0003056982147224,0.0026901442895573,0.0004891171435558,6.7,1.0007186052041206e-16
091624_FiberPho_KL003B-KL005_TimeOut_TrNum8,/gpfs/radev/pi/saxena/aj764/PairedTestingSessions/091624_FiberPho_KL003B-KL005_TimeOut/Behavioral/processed/lever/091624_Cam2_TrNum8_Coop_KL003B-KL005Y_lever.csv,KL003B-KL005Y,2024-09-16,Unfamiliar,transparent,cooperation,True,0.0016037503084135,0.3410025495517723,0.1187597664281602,0.0005345834361378,0.0001439263097294,0.0009252405625462,4.818181818181818,9.985502008591496e-17
091624_FiberPho_KL006G-KL007_TimeOut_TrNum14,/gpfs/radev/pi/saxena/aj764/PairedTestingSessions/091624_FiberPho_KL006G-KL007_TimeOut/Behavioral/processed/lever/091624_Cam1_TrNum14_Coop_KL006G-KL007Y_lever.csv,KL006G-KL007Y,2024-09-16,Unfamiliar,transparent,cooperation,True,0.0003812987622455,0.3085880213527306,0.227928667800786,0.0,0.0,0.0003812987622455,5.75,0.0
091624_FiberPho_KL006G-KL007_TimeOut_TrNum8,/gpfs/radev/pi/saxena/aj764/PairedTestingSessions/091624_FiberPho_KL006G-KL007_TimeOut/Behavioral/processed/lever/091624_Cam1_TrNum8_Coop_KL006G-KL006R_lever.csv,KL006G-KL006R,2024-09-16,Training Partner,transparent,cooperation,True,0.0008903467666354,0.303116213683224,0.1748125585754451,0.0001405810684161,0.0,0.0007497656982193,4.2,0.0
091624_FiberPho_KL006G-KL007_TimeOut_TrNum12,/gpfs/radev/pi/saxena/aj764/PairedTestingSessions/091624_FiberPho_KL006G-KL007_TimeOut/Behavioral/processed/lever/091624_Cam1_TrNum12_Coop_KL006G-KL005Y_lever.csv,KL005Y-KL006G,2024-09-16,Unfamiliar,transparent,cooperation,True,0.0010631677211907,0.3869930505134322,0.1764599107976351,0.0,0.0,0.0010631677211907,5.25,0.0
091724_FiberPho_KL003G-KL006_TimeOut_TrNum10,/gpfs/radev/pi/saxena/aj764/PairedTestingSessions/091724_FiberPho_KL003G-KL006_TimeOut/Behavioral/processed/lever/091724_Cam1_TrNum10_Coop_KL003G-KL002Y_lever.csv,KL002Y-KL003G,2024-09-17,Unfamiliar,transparent,cooperation,True,0.0019032963472908,0.2622499392564995,0.177573499635539,0.0,0.0006884263383817,0.001214870008909,11.75,9.996344030316351e-17
091724_FiberPho_KL003G-KL006_TimeOut_TrNum8,/gpfs/radev/pi/saxena/aj764/PairedTestingSessions/091724_FiberPho_KL003G-KL006_TimeOut/Behavioral/processed/lever/091724_Cam1_TrNum8_Coop_KL003G-KL006R_lever.csv,KL003G-KL006R,2024-09-17,Unfamiliar,transparent,cooperation,True,0.0013631752472736,0.2678797869642404,0.1730281511539437,0.0001268069997463,0.0,0.0012363682475272,3.9642857142857144,9.996344030316351e-17
091724_FiberPho_KL004G-KL002_TimeOut_TrNum14,/gpfs/radev/pi/saxena/aj764/PairedTestingSessions/091724_FiberPho_KL004G-KL002_TimeOut/Behavioral/processed/lever/091724_Cam2_TrNum14_Coop_KL004G-KL002Y_lever.csv,KL002Y-KL004G,2024-09-17,Unfamiliar,transparent,cooperation,True,0.001848851950979,0.2922770812790534,0.1356176926327651,0.0005986758698408,0.0001584730243696,0.0010917030567685,6.236111111111111,1.0018028073766061e-16
091724_FiberPho_KL004G-KL002_TimeOut_TrNum11,/gpfs/radev/pi/saxena/aj764/PairedTestingSessions/091724_FiberPho_KL004G-KL002_TimeOut/Behavioral/processed/lever/091724_Cam2_TrNum11_Coop_KL004G-KL006R_lever.csv,KL004G-KL006R,2024-09-17,Unfamiliar,transparent,cooperation,True,0.0049095957201869,0.2374043475316584,0.1522143969662084,0.0008634116611363,8.464820207218798e-05,0.0039615358569783,11.278571428571428,1.1188966420050406e-16
091824_FiberPho_KL006G-KL003_TimeOut_TrNum8,/gpfs/radev/pi/saxena/aj764/PairedTestingSessions/091824_FiberPho_KL006G-KL003_TimeOut/Behavioral/processed/lever/091824_Cam1_TrNum8_Coop_KL006G-KL006R_lever.csv,KL006G-KL006R,2024-09-18,Training Partner,transparent,cooperation,True,0.0010610783208435,0.3766828038994628,0.175641620797135,0.0005305391604217,0.0005305391604217,0.0,7.5,9.996344030316351e-17
091924_FiberPho_KL003B-KL004_TimeOut_TrNum8,/gpfs/radev/pi/saxena/aj764/PairedTestingSessions/091924_FiberPho_KL003B-KL004_TimeOut/Behavioral/processed/lever/091924_Cam1_TrNum8_Coop_KL003B-KL001Y_lever.csv,KL001Y-KL003B,2024-09-19,Unfamiliar,transparent,cooperation,True,0.0032084001750036,0.2704535511156482,0.1402459773467503,0.0017500364590928,0.0003645909289776,0.001093772786933,13.2,1.9992688060632702e-16
092424_FiberPho_KL002B-KL001_TimeOut_TrNum8,/gpfs/radev/pi/saxena/aj764/PairedTestingSessions/092424_FiberPho_KL002B-KL001_TimeOut/Behavioral/processed/lever/092424_Cam1_TrNum8_Coop_KL002B-KL002Y_lever.csv,KL002B-KL002Y,2024-09-24,Training Partner,transparent,cooperation,True,0.0031107690334167,0.1902379577961644,0.1480020524661663,9.620935154897056e-05,6.413956769931371e-05,0.0029504201141684,5.966666666666667,1.6046192152785466e-17
092424_FiberPho_KL002B-KL001_TimeOut_TrNum14,/gpfs/radev/pi/saxena/aj764/PairedTestingSessions/092424_FiberPho_KL002B-KL001_TimeOut/Behavioral/processed/lever/092424_Cam1_TrNum14_Coop_KL002B-KL006R_lever.csv,KL002B-KL006R,2024-09-24,Unfamiliar,transparent,cooperation,True,0.0071754865355332,0.0648714044346175,0.0241234016812331,0.0017104357439352,0.0001564422936526,0.0051521662042927,11.83078730904818,0.00015644229365269994
092424_FiberPho_KL005Y-KL008_TimeOut_TrNum14,/gpfs/radev/pi/saxena/aj764/PairedTestingSessions/092424_FiberPho_KL005Y-KL008_TimeOut/Behavioral/processed/lever/092424_Cam2_TrNum14_Coop_KL005Y-KL005B_lever.csv,KL005B-KL005Y,2024-09-24,Training Partner,transparent,cooperation,True,0.0015678369449577,0.4034940366201915,0.1101685424715829,0.0009519010022957,0.0001119883532112,0.0004199563245422,5.166666666666666,8.399126490859994e-05
092524_FiberPho_KL005Y-KL003_2X_TimeOut_TrNum10,/gpfs/radev/pi/saxena/aj764/PairedTestingSessions/092524_FiberPho_KL005Y-KL003_2X_TimeOut/Behavioral/processed/lever/092524_Cam1_TrNum10_Coop_KL005Y-KL005B_lever.csv,KL005B-KL005Y,2024-09-25,Training Partner,transparent,cooperation,True,0.0038099506947557,0.3064993276557597,0.0938816674137158,0.0034065441506051,0.0003361721201255,4.482294935006723e-05,6.875,2.2411474675032576e-05
092524_FiberPho_KL006G-KL002_2X_TimeOut_TrNum14,/gpfs/radev/pi/saxena/aj764/PairedTestingSessions/092524_FiberPho_KL006G-KL002_2X_TimeOut/Behavioral/processed/lever/092524_Cam2_TrNum14_Coop_KL006G-KL002Y_lever.csv,KL002Y-KL006G,2024-09-25,Unfamiliar,transparent,cooperation,True,0.0016463717693836,0.4172154572564612,0.1043426938369781,0.0,0.0004038270377733,0.0012425447316103,7.4,0.0
092524_FiberPho_KL006G-KL002_2X_TimeOut_TrNum12,/gpfs/radev/pi/saxena/aj764/PairedTestingSessions/092524_FiberPho_KL006G-KL002_2X_TimeOut/Behavioral/processed/lever/092524_Cam2_TrNum12_Coop_KL006G-KL006R_lever.csv,KL006G-KL006R,2024-09-25,Training Partner,transparent,cooperation,True,0.0001342101731311,0.3961548785397933,0.1388068715608643,3.355254328278084e-05,0.0,0.0001006576298483,,1.917682592583736e-17
092624_FiberPho_KL002B-KL006_2X_TimeOut_TrNum14,/gpfs/radev/pi/saxena/aj764/PairedTestingSessions/092624_FiberPho_KL002B-KL006_2X_TimeOut/Behavioral/processed/lever/092624_Cam2_TrNum14_Coop_KL002B-KL006R_lever.csv,KL002B-KL006R,2024-09-26,Unfamiliar,transparent,cooperation,True,0.0122426372283127,0.3053401581420222,0.0490469460254402,0.0003628862828985,0.0008785667901753,0.0109820848771916,10.75915750915751,1.9099278047300314e-05
092624_FiberPho_KL002B-KL006_2X_TimeOut_TrNum12,/gpfs/radev/pi/saxena/aj764/PairedTestingSessions/092624_FiberPho_KL002B-KL006_2X_TimeOut/Behavioral/processed/lever/092624_Cam2_TrNum12_Coop_KL002B-KL002Y_lever.csv,KL002B-KL002Y,2024-09-26,Training Partner,transparent,cooperation,True,0.0015494867325198,0.3729743689069662,0.099263993802053,0.0,0.0002582477887533,0.0012912389437665,7.375,0.0
092624_FiberPho_KL003B-KL005_2X_TimeOut_TrNum12,/gpfs/radev/pi/saxena/aj764/PairedTestingSessions/092624_FiberPho_KL003B-KL005_2X_TimeOut/Behavioral/processed/lever/092624_Cam1_TrNum12_Coop_KL003B-KL001Y_lever.csv,KL001Y-KL003B,2024-09-26,Unfamiliar,transparent,cooperation,True,0.0035060714896528,0.2852459950972008,0.1238811926343994,0.0004560743401174,0.0017387834216977,0.0013112137278376,10.38888888888889,1.0018028073766061e-16
092624_FiberPho_KL003B-KL005_2X_TimeOut_TrNum10,/gpfs/radev/pi/saxena/aj764/PairedTestingSessions/092624_FiberPho_KL003B-KL005_2X_TimeOut/Behavioral/processed/lever/092624_Cam1_TrNum10_Coop_KL003B-KL005Y_lever.csv,KL003B-KL005Y,2024-09-26,Unfamiliar,transparent,cooperation,True,0.0051914976981095,0.2972622196101479,0.1089969634636105,0.000881575080811,7.346459006758743e-05,0.0042364580272308,13.016666666666666,1.1188966420050406e-16
092724_FiberPho_KL007Y_KL003_TimeOut_TrNum11,/gpfs/radev/pi/saxena/aj764/PairedTestingSessions/092724_FiberPho_KL007Y_KL003_TimeOut/Behavioral/processed/lever/092724_Cam2_TrNum11_Coop_KL007Y-KL003G_lever.csv,KL003G-KL007Y,2024-09-27,Unfamiliar,transparent,cooperation,True,0.00219120272683,0.2730887842882649,0.1181896878212411,0.0004598820537791,0.0,0.0017313206730509,6.75,0.0
092724_FiberPho_KL007Y_KL003_TimeOut_TrNum15,/gpfs/radev/pi/saxena/aj764/PairedTestingSessions/092724_FiberPho_KL007Y_KL003_TimeOut/Behavioral/processed/lever/092724_Cam2_TrNum15_Coop_KL007Y-KL003B_lever.csv,KL003B-KL007Y,2024-09-27,Unfamiliar,transparent,cooperation,True,0.0010833545755799,0.3571565128728014,0.1304804996176395,0.0,6.37267397399949e-05,0.0010196278358399,3.85,4.9873299934333204e-18
092724_FiberPho_KL008G_KL002_TimeOut_TrNum9,/gpfs/radev/pi/saxena/aj764/PairedTestingSessions/092724_FiberPho_KL008G_KL002_TimeOut/Behavioral/processed/lever/092724_Cam1_TrNum9_Coop_KL008G-KL006R_lever.csv,KL006R-KL008G,2024-09-27,Unfamiliar,transparent,cooperation,True,0.0018331075157408,0.3126245317605802,0.1385590180919741,0.000239100980314,7.970032677133976e-05,0.0014545309635769,5.111111111111111,5.977524507856007e-05
093024_FiberPho_KL004G-KL001_TimeOut_TrNum13,/gpfs/radev/pi/saxena/aj764/PairedTestingSessions/093024_FiberPho_KL004G-KL001_TimeOut/Behavioral/processed/lever/093024_Cam2_TrNum13_Coop_KL004G-KL001Y_lever.csv,KL001Y-KL004G,2024-09-30,Unfamiliar,transparent,cooperation,True,0.0005509162607283,0.3761598237067965,0.0914231036882393,0.0002029691486893,2.8995592669914172e-05,0.000318951519369,2.7,8.581460195222768e-17
093024_FiberPho_KL007Y_KL003_2X_TimeOut_TrNum9,/gpfs/radev/pi/saxena/aj764/PairedTestingSessions/093024_FiberPho_KL007Y_KL003_2X_TimeOut/Behavioral/processed/lever/093024_Cam1_TrNum9_Coop_KL007Y-KL003G_lever.csv,KL003G-KL007Y,2024-09-30,Unfamiliar,transparent,cooperation,True,0.0009080661322645,0.2934619238476953,0.1706224949899799,0.0003444388777555,6.2625250501002e-05,0.000501002004008,3.958333333333333,-1.951563910473908e-18
093024_FiberPho_KL007Y_KL003_2X_TimeOut_TrNum14,/gpfs/radev/pi/saxena/aj764/PairedTestingSessions/093024_FiberPho_KL007Y_KL003_2X_TimeOut/Behavioral/processed/lever/093024_Cam1_TrNum14_Coop_KL007Y-KL003B_lever.csv,KL003B-KL007Y,2024-09-30,Unfamiliar,transparent,cooperation,True,0.0029706513958482,0.3251610594130279,0.1263063707945597,3.579098067287044e-05,0.0022548317823908,0.0006800286327845,6.854166666666666,2.970713952610282e-17
100224_FiberPho_KL002Y-KL003_TimeOut_TrNum12,/gpfs/radev/pi/saxena/aj764/PairedTestingSessions/100224_FiberPho_KL002Y-KL003_TimeOut/Behavioral/processed/lever/100224_Cam2_TrNum12_Coop_KL002Y-KL002B_lever.csv,KL002B-KL002Y,2024-10-02,Training Partner,transparent,cooperation,True,0.0006863417982155,0.3582361015785861,0.1268016472203157,0.0,0.0005833905284831,0.0001029512697323,,1.0004475546609992e-16
100224_FiberPho_KL002Y-KL003_TimeOut_TrNum10,/gpfs/radev/pi/saxena/aj764/PairedTestingSessions/100224_FiberPho_KL002Y-KL003_TimeOut/Behavioral/processed/lever/100224_Cam2_TrNum10_Coop_KL002Y-KL003B_lever.csv,KL002Y-KL003B,2024-10-02,Unfamiliar,transparent,cooperation,True,0.0004096834264432,0.3652513966480447,0.1217504655493482,0.0,0.0,0.0004096834264432,,0.0
100224_FiberPho_KL006G-KL008_TimeOut_TrNum12,/gpfs/radev/pi/saxena/aj764/PairedTestingSessions/100224_FiberPho_KL006G-KL008_TimeOut/Behavioral/processed/lever/100224_Cam1_TrNum12_Coop_KL006G-KL006R_lever.csv,KL006G-KL006R,2024-10-02,Training Partner,transparent,cooperation,True,0.000166411502363,0.4042801038407774,0.2051188178126872,0.0,6.656460094521733e-05,9.9846901417826e-05,2.5,-4.33138767907959e-17
100324_FiberPho_KL002B_TimeOut_Opaque_TrNum5,/gpfs/radev/pi/saxena/aj764/PairedTestingSessions/100324_FiberPho_KL002B_TimeOut_Opaque/Behavioral/processed/lever/100324_Cam1_TrNum5_Coop_KL002B-KL002Y_lever.csv,KL002B-KL002Y,2024-10-03,Training Partner,opaque,cooperation,True,0.0019542286682991,0.311711245055566,0.1815784516858165,2.3544923714447166e-05,0.0012243360331512,0.0007063477114334,11.125,5.312590645178972e-17
100324_FiberPho_KL005Y_TimeOut_Opaque_TrNum6,/gpfs/radev/pi/saxena/aj764/PairedTestingSessions/100324_FiberPho_KL005Y_TimeOut_Opaque/Behavioral/processed/lever/100324_Cam1_TrNum6_Coop_KL005Y-KL005B_lever.csv,KL005B-KL005Y,2024-10-03,Training Partner,opaque,cooperation,True,0.0022511692966735,0.3529527473007824,0.1296498666783232,0.0018140490448922,0.0002185601258906,0.0002185601258906,5.6125,9.985502008591496e-17
100324_FiberPho_KL006G_TimeOut_Opaque_TrNum6,/gpfs/radev/pi/saxena/aj764/PairedTestingSessions/100324_FiberPho_KL006G_TimeOut_Opaque/Behavioral/processed/lever/100324_Cam2_TrNum6_Coop_KL006G-KL006R_lever.csv,KL006G-KL006R,2024-10-03,Training Partner,opaque,cooperation,True,5.911912503694945e-05,0.4568430387230269,0.1520248300325155,0.0,5.911912503694945e-05,0.0,,0.0
040124_TrNum1,/gpfs/radev/pi/saxena/aj764/Training_COOPERATION/040124/Behavioral/processed/lever/040124_COOPTRAIN_LARGEARENA_KL005B-KL005Y_Camera1_lever.csv,KL005B-KL005Y,2024-04-01,Training Partner,transparent,cooperation,True,0.0155094969702195,0.249288609123049,0.1422977729350067,0.0054206808970972,0.0007015921045411,0.0093833044596173,20.80008944543828,3.919508963900337e-06
040124_TrNum2,/gpfs/radev/pi/saxena/aj764/Training_COOPERATION/040124/Behavioral/processed/lever/040124_COOPTRAIN_LARGEARENA_KL002B-KL002Y_Camera2_lever.csv,KL002B-KL002Y,2024-04-01,Training Partner,transparent,cooperation,True,0.0235286411423705,0.0770903612484852,0.0556479874234434,0.000645203550257,0.0023646546359676,0.0204270788982412,21.572774528914877,9.170405790469988e-05
040124_TrNum2,/gpfs/radev/pi/saxena/aj764/Training_COOPERATION/040124/Behavioral/processed/lever/040124_COOPTRAIN_LARGEARENA_KL006R-KL006G_Camera2_lever.csv,KL006G-KL006R,2024-04-01,Training Partner,transparent,cooperation,True,0.0121037441738432,0.3082847177207766,0.0710521035898385,0.0012385406056116,0.0051933821032811,0.0056525295552057,18.49345039018952,1.9291909744799732e-05
040124_TrNum4,/gpfs/radev/pi/saxena/aj764/Training_COOPERATION/040124/Behavioral/processed/lever/040124_COOPTRAIN_LARGEARENA_KL004R-KL004G_Camera4_lever.csv,KL004G-KL004R,2024-04-01,Training Partner,transparent,cooperation,True,0.0151122709939891,0.1106783352628377,0.136919595261922,0.0007489093394554,0.0076787734892634,0.0065374225745475,20.645678706910772,0.00014716559072279999
040224_TrNum2,/gpfs/radev/pi/saxena/aj764/Training_COOPERATION/040224/Behavioral/processed/lever/040224_COOPTRAIN_LARGEARENA_KL002B-KL002Y_Camera2_lever.csv,KL002B-KL002Y,2024-04-02,Training Partner,transparent,cooperation,True,0.0076223464382382,0.2650191336451409,0.0872940151617285,0.0002955603720949,0.0007414935650803,0.0065801072313771,19.07936507936508,5.1852696858999126e-06
040224_TrNum4,/gpfs/radev/pi/saxena/aj764/Training_COOPERATION/040224/Behavioral/processed/lever/040224_COOPTRAIN_LARGEARENA_KL004R-KL004G_Camera4_lever.csv,KL004G-KL004R,2024-04-02,Training Partner,transparent,cooperation,True,0.0090004572291911,0.1964395761684193,0.1202015784346858,0.0009243981472277,0.0034391586982883,0.0044132556706359,13.709250585480094,0.0002236447130392
040224_TrNum1,/gpfs/radev/pi/saxena/aj764/Training_COOPERATION/040224/Behavioral/processed/lever/040224_COOPTRAIN_LARGEARENA_KL005B-KL005Y_Camera1_lever.csv,KL005B-KL005Y,2024-04-02,Training Partner,transparent,cooperation,True,0.0162464602908997,0.2059748680653881,0.102454466469301,0.0029645063714763,0.0025542219075814,0.0106955528382031,19.83966491330606,3.21791736389021e-05
040224_TrNum2,/gpfs/radev/pi/saxena/aj764/Training_COOPERATION/040224/Behavioral/processed/lever/040224_COOPTRAIN_LARGEARENA_KL006R-KL006G_Camera2_lever.csv,KL006G-KL006R,2024-04-02,Training Partner,transparent,cooperation,True,0.0049883021390374,0.4208389037433155,0.0863552807486631,0.0003885360962566,0.0030080213903743,0.0015123663101604,11.4705376344086,7.937834224609947e-05
040224_TrNum1,/gpfs/radev/pi/saxena/aj764/Training_COOPERATION/040224/Behavioral/processed/lever/040224_COOPTRAIN_LARGEARENA_KL001B-KL001Y_Camera1_lever.csv,KL001B-KL001Y,2024-04-02,Training Partner,transparent,cooperation,True,0.0154765137116481,0.2168721151235406,0.105202280749389,0.0022970404561498,0.0086777083898995,0.0026880260657073,27.273083778966132,0.0018137387998914995
040324_TrNum2,/gpfs/radev/pi/saxena/aj764/Training_COOPERATION/040324/Behavioral/processed/lever/040324_COOPTRAIN_LARGEARENA_KL006R-KL006G_Camera2_lever.csv,KL006G-KL006R,2024-04-03,Training Partner,transparent,cooperation,True,0.0054872677929518,0.40717272792198,0.0808965314754124,0.0015394504003364,0.0018290892643172,0.0021187281282981,12.150452488687783,1.0061396160665481e-16
040324_TrNum2,/gpfs/radev/pi/saxena/aj764/Training_COOPERATION/040324/Behavioral/processed/lever/040324_COOPTRAIN_LARGEARENA_KL002B-KL002Y_Camera2_lever.csv,KL002B-KL002Y,2024-04-03,Training Partner,transparent,cooperation,True,0.0134640037784225,0.1569664665002361,0.0475541461439848,0.0009817151339315,0.0031509344848525,0.0093246069765872,19.2748786407767,6.747183051301203e-06
040324_TrNum4,/gpfs/radev/pi/saxena/aj764/Training_COOPERATION/040324/Behavioral/processed/lever/040324_COOPTRAIN_LARGEARENA_KL004R-KL004G_Camera4_lever.csv,KL004G-KL004R,2024-04-03,Training Partner,transparent,cooperation,True,0.0044322132097334,0.2961761297798377,0.1497020360867406,0.0010677040225128,0.0013408376096672,0.0020195331898692,11.60989010989011,4.138387684200166e-06
040324_TrNum1,/gpfs/radev/pi/saxena/aj764/Training_COOPERATION/040324/Behavioral/processed/lever/040324_COOPTRAIN_LARGEARENA_KL005B-KL005Y_Camera1_lever.csv,KL005B-KL005Y,2024-04-03,Training Partner,transparent,cooperation,True,0.0047298852044077,0.3928489249098765,0.1471633472247079,0.0015510614544183,0.0016533292426218,0.0015212333495257,12.9314381270903,4.261157841899468e-06
040424_TrNum1,/gpfs/radev/pi/saxena/aj764/Training_COOPERATION/040424/Behavioral/processed/lever/040424_COOPTRAIN_LARGEARENA_KL005B-KL005Y_Camera1_lever.csv,KL005B-KL005Y,2024-04-04,Training Partner,transparent,cooperation,True,0.0021113869909563,0.4259428747485365,0.1643574315385033,0.0006751001323015,0.0004938651974554,0.0009424216611994,7.982263513513513,-2.168404344971009e-19
040424_TrNum2,/gpfs/radev/pi/saxena/aj764/Training_COOPERATION/040424/Behavioral/processed/lever/040424_COOPTRAIN_LARGEARENA_KL006R-KL006G_Camera2_lever.csv,KL006G-KL006R,2024-04-04,Training Partner,transparent,cooperation,True,0.0061526629494328,0.4018097481253605,0.0757586682048324,0.000981381785554,0.0026677562007306,0.0023072486060373,15.79874213836478,0.00019627635711090032
040524_TrNum1,/gpfs/radev/pi/saxena/aj764/Training_COOPERATION/040524/Behavioral/processed/lever/040524_COOPTRAIN_LARGEARENA_KL005B-KL005Y_Camera1_lever.csv,KL005B-KL005Y,2024-04-05,Training Partner,transparent,cooperation,True,0.0119840254018263,0.2514214684815516,0.0985797622270903,0.0026152558643266,0.0032583011297905,0.0060950845496837,17.51963832746911,1.5383858025500366e-05
040524_TrNum2,/gpfs/radev/pi/saxena/aj764/Training_COOPERATION/040524/Behavioral/processed/lever/040524_COOPTRAIN_LARGEARENA_KL006R-KL006G_Camera2_lever.csv,KL006G-KL006R,2024-04-05,Training Partner,transparent,cooperation,True,0.011701211636632,0.2592225844147857,0.0605295528630297,0.002432498923673,0.0019804416015745,0.0069838243434405,19.60044642857143,0.00030444676794399994
040524_TrNum2,/gpfs/radev/pi/saxena/aj764/Training_COOPERATION/040524/Behavioral/processed/lever/040524_COOPTRAIN_LARGEARENA_KL002B-KL002Y_Camera2_lever.csv,KL002B-KL002Y,2024-04-05,Training Partner,transparent,cooperation,True,0.0021567510376821,0.3428895038116166,0.0764764927701364,0.0002645072027345,0.0005086676975665,0.001336100485608,7.227272727272728,4.747565177310028e-05
040524_TrNum1,/gpfs/radev/pi/saxena/aj764/Training_COOPERATION/040524/Behavioral/processed/lever/040524_COOPTRAIN_LARGEARENA_KL001B-KL001Y_Camera1_lever.csv,KL001B-KL001Y,2024-04-05,Training Partner,transparent,cooperation,True,0.0021136779350992,0.3238127498136983,0.1382968633561412,0.000711333920466,0.0004674480048777,0.0009213467922227,9.426470588235292,1.3549217532799894e-05
040724_TrNum1,/gpfs/radev/pi/saxena/aj764/Training_COOPERATION/040724/Behavioral/processed/lever/040724_COOPTRAIN_LARGEARENA_KL001B-KL001Y_Camera1_lever.csv,KL001B-KL001Y,2024-04-07,Training Partner,transparent,cooperation,True,0.0040371851142239,0.2887516006999091,0.1143119678589233,0.0024829177215808,0.0007820213296317,0.0007331449965297,10.191463414634146,3.910106648169964e-05
040724_TrNum4,/gpfs/radev/pi/saxena/aj764/Training_COOPERATION/040724/Behavioral/processed/lever/040724_COOPTRAIN_LARGEARENA_KL004R-KL004G_Camera4_lever.csv,KL004G-KL004R,2024-04-07,Training Partner,transparent,cooperation,True,0.0038398996924161,0.2586348764766961,0.1046666536057833,0.0008718139607781,0.0003820308367454,0.0025321787512489,10.041379310344826,5.387614364369981e-05
040724_TrNum2,/gpfs/radev/pi/saxena/aj764/Training_COOPERATION/040724/Behavioral/processed/lever/040724_COOPTRAIN_LARGEARENA_KL002B-KL002Y_Camera2_lever.csv,KL002B-KL002Y,2024-04-07,Training Partner,transparent,cooperation,True,0.0087231501243367,0.3268391063421511,0.0598970061287227,0.0012923185369387,0.0006461592684693,0.0067112451293297,14.70277777777778,7.342718959899974e-05
040824_TrNum1,/gpfs/radev/pi/saxena/aj764/Training_COOPERATION/040824/Behavioral/processed/lever/040824_COOPTRAIN_LARGEARENA_KL001B-KL001Y_Camera1_lever.csv,KL001B-KL001Y,2024-04-08,Training Partner,transparent,cooperation,True,0.0030722373038469,0.3450837581937363,0.139124677216447,0.0009335893531086,0.0015361186519234,0.0005959080977289,11.414102564102564,6.6212010860002305e-06
040824_TrNum2,/gpfs/radev/pi/saxena/aj764/Training_COOPERATION/040824/Behavioral/processed/lever/040824_COOPTRAIN_LARGEARENA_KL006R-KL006G_Camera2_lever.csv,KL006G-KL006R,2024-04-08,Training Partner,transparent,cooperation,True,0.0132777461941759,0.047160634198724,0.1689533194365485,0.0012317604699639,0.0086223232897479,0.0032088939422651,17.0265625,0.00021476849219899917
040824_TrNum2,/gpfs/radev/pi/saxena/aj764/Training_COOPERATION/040824/Behavioral/processed/lever/040824_COOPTRAIN_LARGEARENA_KL002B-KL002Y_Camera2_lever.csv,KL002B-KL002Y,2024-04-08,Training Partner,transparent,cooperation,True,0.0028376317708678,0.347444142411987,0.0915202545912616,0.0006298481734402,0.0009348272890008,0.0012729563084267,7.668767507002801,1.0018028073766061e-16
040924_TrNum3,/gpfs/radev/pi/saxena/aj764/Training_COOPERATION/040924/Behavioral/processed/lever/040924_COOPTRAIN_LARGEARENA_EB021R-EB023B_Camera3_lever.csv,EB021R-EB023B,2024-04-09,Training Partner,transparent,cooperation,False,0.0067626607593378,0.0701126084548643,0.0575964556027321,0.0002522921666358,0.0015322134022521,0.0049750784567103,10.304736842105264,3.076733739600622e-06
040924_TrNum4,/gpfs/radev/pi/saxena/aj764/Training_COOPERATION/040924/Behavioral/processed/lever/040924_COOPTRAIN_LARGEARENA_EB027Y-EB029R_Camera4_lever.csv,EB027Y-EB029R,2024-04-09,Training Partner,transparent,cooperation,False,0.0070708687595042,0.0668053956546633,0.0699668158618948,0.0009542748434681,0.0012497922143485,0.0048298620303274,12.469000348310692,3.6939671360199794e-05
040924_TrNum2,/gpfs/radev/pi/saxena/aj764/Training_COOPERATION/040924/Behavioral/processed/lever/040924_COOPTRAIN_LARGEARENA_EB011Y-EB015R_Camera2_lever.csv,EB011Y-EB015R,2024-04-09,Training Partner,transparent,cooperation,False,0.0101934167004807,0.0687686746099081,0.0442227058664404,0.0002459207889138,0.0007961685541087,0.0090836991405068,10.391716924634135,6.762821695139969e-05
041024_TrNum2,/gpfs/radev/pi/saxena/aj764/Training_COOPERATION/041024/Behavioral/processed/lever/041024_COOPTRAIN_LARGEARENA_EB009B-EB019Y_Camera2_lever.csv,EB009B-EB019Y,2024-04-10,Training Partner,transparent,cooperation,False,0.00920581118274,0.0938590982137909,0.0393607883702458,0.0015793265234497,0.0005934019247464,0.0070261558638269,12.212795919920834,6.92687071699935e-06
041024_TrNum2,/gpfs/radev/pi/saxena/aj764/Training_COOPERATION/041024/Behavioral/processed/lever/041024_COOPTRAIN_LARGEARENA_EB011Y-EB015R_Camera2_lever.csv,EB011Y-EB015R,2024-04-10,Training Partner,transparent,cooperation,False,0.017038127965963,0.0481034200621829,0.0338373424971363,0.0004516445753559,0.0018458517427589,0.0147373588610702,18.338195655620737,3.272786778000733e-06
041024_TrNum1,/gpfs/radev/pi/saxena/aj764/Training_COOPERATION/041024/Behavioral/processed/lever/041024_COOPTRAIN_LARGEARENA_EB001R-EB003B_Camera1_lever.csv,EB001R-EB003B,2024-04-10,Training Partner,transparent,cooperation,False,0.0373113296896728,0.0414624230188173,0.0444284796880558,0.0022453326187693,0.0050034881196032,0.0300001386007789,21.426583480265833,6.237035052139919e-05
041024_TrNum3,/gpfs/radev/pi/saxena/aj764/Training_COOPERATION/041024/Behavioral/processed/lever/041024_COOPTRAIN_LARGEARENA_EB021R-EB023B_Camera3_lever.csv,EB021R-EB023B,2024-04-10,Training Partner,transparent,cooperation,False,0.0088599578221609,0.0537049248829662,0.0728840892916604,0.000763902037725,0.0015049523050907,0.0065323417841356,11.72217639118044,5.8761695209600014e-05
041124_TrNum2,/gpfs/radev/pi/saxena/aj764/Training_COOPERATION/041124/Behavioral/processed/lever/041124_COOPTRAIN_LARGEARENA_EB005Y-EB007R_Camera2_lever.csv,EB005Y-EB007R,2024-04-11,Training Partner,transparent,cooperation,False,0.00899809612072,0.0450156641919593,0.0686756454553696,0.0008965357455853,0.0012893997239878,0.0067819403451158,13.238709677419354,3.022030603109984e-05
041124_TrNum3,/gpfs/radev/pi/saxena/aj764/Training_COOPERATION/041124/Behavioral/processed/lever/041124_COOPTRAIN_LARGEARENA_EB031B-EB033Y_Camera3_lever.csv,EB031B-EB033Y,2024-04-11,Training Partner,transparent,cooperation,False,0.050666955367267,0.0297323631473683,0.0596641576305278,0.0010655331369409,0.0321426332913577,0.0169687576567387,30.545682709447412,0.0004900312822296998
041124_TrNum3,/gpfs/radev/pi/saxena/aj764/Training_COOPERATION/041124/Behavioral/processed/lever/041124_COOPTRAIN_LARGEARENA_EB011Y-EB015R_Camera3_lever.csv,EB011Y-EB015R,2024-04-11,Training Partner,transparent,cooperation,False,0.0108950434091526,0.0289679385934026,0.0688284055813204,0.0010009758256793,0.0010336710159653,0.0087698560405621,13.87588877602844,9.054052694590017e-05
041124_TrNum2,/gpfs/radev/pi/saxena/aj764/Training_COOPERATION/041124/Behavioral/processed/lever/041124_COOPTRAIN_LARGEARENA_EB027Y-EB029R_Camera2_lever.csv,EB027Y-EB029R,2024-04-11,Training Partner,transparent,cooperation,False,0.0085043620159417,0.0348989803894718,0.0619497555102902,0.0004707211447938,0.0025190713385027,0.0053034582313437,15.917124542124542,0.00021111130130150018
041124_TrNum1,/gpfs/radev/pi/saxena/aj764/Training_COOPERATION/041124/Behavioral/processed/lever/041124_COOPTRAIN_LARGEARENA_EB021R-EB023B_Camera1_lever.csv,EB021R-EB023B,2024-04-11,Training Partner,transparent,cooperation,False,0.0111448170470939,0.0385321571735672,0.0838840642516236,0.0002708512712903,0.0018874057009916,0.0089010280944044,12.947345397614772,8.553198040760039e-05
041124_TrNum1,/gpfs/radev/pi/saxena/aj764/Training_COOPERATION/041124/Behavioral/processed/lever/041124_COOPTRAIN_LARGEARENA_EB001R-EB003B_Camera1_lever.csv,EB001R-EB003B,2024-04-11,Training Partner,transparent,cooperation,False,0.0430806767084064,0.0327465569737664,0.0727622849998991,0.0014543383138749,0.0028204585324541,0.0387731131409674,20.552343551143593,3.276672111000162e-05
041124_TrNum4,/gpfs/radev/pi/saxena/aj764/Training_COOPERATION/041124/Behavioral/processed/lever/041124_COOPTRAIN_LARGEARENA_EB009B-EB019Y_Camera4_lever.csv,EB009B-EB019Y,2024-04-11,Training Partner,transparent,cooperation,False,0.0110321502627181,0.0560062810782517,0.1047425160549997,0.0005435548487105,0.0015853683087391,0.0086440319690777,14.026282051282053,0.0002591951361908002
041224_TrNum3,/gpfs/radev/pi/saxena/aj764/Training_COOPERATION/041224/Behavioral/processed/lever/041224_COOPTRAIN_LARGEARENA_EB011Y-EB015R_Camera3_lever.csv,EB011Y-EB015R,2024-04-12,Training Partner,transparent,cooperation,False,0.0082574420639054,0.1483887116266604,0.1047173102886818,0.0011933596614094,0.0005435854389894,0.0064421195281172,16.462450592885375,7.837743538940001e-05
041224_TrNum1,/gpfs/radev/pi/saxena/aj764/Training_COOPERATION/041224/Behavioral/processed/lever/041224_COOPTRAIN_LARGEARENA_EB001R-EB003B_Camera1_lever.csv,EB001R-EB003B,2024-04-12,Training Partner,transparent,cooperation,False,0.0263547969322298,0.024880101989194,0.1019031912095028,0.000108768237651,0.006027783960985,0.0201651253617176,22.212527056277057,5.311937187620075e-05
041324_TrNum1,/gpfs/radev/pi/saxena/aj764/Training_COOPERATION/041324/Behavioral/processed/lever/041324_COOPTRAIN_LARGEARENA_EB001R-EB003B_Camera1_lever.csv,EB001R-EB003B,2024-04-13,Training Partner,transparent,cooperation,False,0.0241863256544019,0.0364756936429527,0.1024883431051198,0.0005055168274779,0.0055214440699875,0.0181247403166982,19.549518419223514,3.4624440238301135e-05
041424_TrNum3,/gpfs/radev/pi/saxena/aj764/Training_COOPERATION/041424/Behavioral/processed/lever/041424_COOPTRAIN_LARGEARENA_EB031B-EB033Y_Camera3_lever.csv,EB031B-EB033Y,2024-04-14,Training Partner,transparent,cooperation,False,0.0113233174409579,0.0276361015633662,0.0729894297224378,0.0013420741397789,0.002432365007207,0.0074033521824296,16.406779246206558,0.00014552611154239944
041424_TrNum1,/gpfs/radev/pi/saxena/aj764/Training_COOPERATION/041424/Behavioral/processed/lever/041424_COOPTRAIN_LARGEARENA_EB001R-EB003B_Camera1_lever.csv,EB001R-EB003B,2024-04-14,Training Partner,transparent,cooperation,False,0.0182329228151928,0.0311078442250083,0.1335016087873072,0.000963885498724,0.0037677059062835,0.0132863641406856,18.545497085405636,0.00021496726949970027
041524_TrNum1,/gpfs/radev/pi/saxena/aj764/Training_COOPERATION/041524/Behavioral/processed/lever/041524_COOPTRAIN_LARGEARENA_EB001R-EB003B_Camera1_lever.csv,EB001R-EB003B,2024-04-15,Training Partner,transparent,cooperation,False,0.0162042357576752,0.0193095199005558,0.1017707624832891,0.0004057508736543,0.0045875647911438,0.0111358679081548,18.96955737082067,7.505218472229902e-05
041524_TrNum3,/gpfs/radev/pi/saxena/aj764/Training_COOPERATION/041524/Behavioral/processed/lever/041524_COOPTRAIN_LARGEARENA_EB031B-EB033Y_Camera3_lever.csv,EB031B-EB033Y,2024-04-15,Training Partner,transparent,cooperation,False,0.015370599366721,0.0262445431210537,0.0554798306259719,0.0034052798231315,0.0037870271485582,0.0080869540779045,19.099779371207944,9.133831712680035e-05
041524_TrNum2,/gpfs/radev/pi/saxena/aj764/Training_COOPERATION/041524/Behavioral/processed/lever/041524_COOPTRAIN_LARGEARENA_EB011Y-EB015R_Camera2_lever.csv,EB011Y-EB015R,2024-04-15,Training Partner,transparent,cooperation,False,0.0120693317080828,0.2007622978825571,0.0744637135126649,0.0010457932792198,0.000932672151887,0.010047002982704,14.238775104394511,4.386329427199902e-05
041524_TrNum3,/gpfs/radev/pi/saxena/aj764/Training_COOPERATION/041524/Behavioral/processed/lever/041524_COOPTRAIN_LARGEARENA_EB021R-EB023B_Camera3_lever.csv,EB021R-EB023B,2024-04-15,Training Partner,transparent,cooperation,False,0.0138599882808354,0.0180032204633222,0.0534906039060805,0.0003714144662474,0.0032227702443953,0.0102588828037409,16.182987443320545,6.920766451798399e-06
041624_TrNum2,/gpfs/radev/pi/saxena/aj764/Training_COOPERATION/041624/Behavioral/processed/lever/041624_COOPTRAIN_LARGEARENA_EB011Y-EB015R_Camera2_lever.csv,EB011Y-EB015R,2024-04-16,Training Partner,transparent,cooperation,False,0.0184532255139379,0.1239345189199569,0.0666732453566894,0.0008987912990601,0.0013308512113679,0.0161515730181251,18.714860074358015,7.200998538479941e-05
041624_TrNum3,/gpfs/radev/pi/saxena/aj764/Training_COOPERATION/041624/Behavioral/processed/lever/041624_COOPTRAIN_LARGEARENA_EB021R-EB023B_Camera3_lever.csv,EB021R-EB023B,2024-04-16,Training Partner,transparent,cooperation,False,0.0214251212524233,0.0608214065942791,0.0529441345587602,0.0001025600307018,0.0007410789315229,0.0205550151855013,21.278925120772943,2.646710469729821e-05
041624_TrNum3,/gpfs/radev/pi/saxena/aj764/Training_COOPERATION/041624/Behavioral/processed/lever/041624_COOPTRAIN_LARGEARENA_EB031B-EB033Y_Camera3_lever.csv,EB031B-EB033Y,2024-04-16,Training Partner,transparent,cooperation,False,0.0150166500954815,0.0348626169846756,0.0695161213957672,0.0029591401922257,0.0030262140365828,0.0085696699966857,18.664998331664997,0.0004616258699873012
041624_TrNum1,/gpfs/radev/pi/saxena/aj764/Training_COOPERATION/041624/Behavioral/processed/lever/041624_COOPTRAIN_LARGEARENA_EB001R-EB003B_Camera1_lever.csv,EB001R-EB003B,2024-04-16,Training Partner,transparent,cooperation,False,0.0162460515925243,0.0170357330876546,0.0830070413266649,0.0004359699921031,0.0032204198473282,0.0125485325085548,17.942310917323496,4.112924453820305e-05
041624_TrNum4,/gpfs/radev/pi/saxena/aj764/Training_COOPERATION/041624/Behavioral/processed/lever/041624_COOPTRAIN_LARGEARENA_EB027Y-EB029R_Camera4_lever.csv,EB027Y-EB029R,2024-04-16,Training Partner,transparent,cooperation,False,0.0119217977766294,0.0462495528083634,0.1628936942666719,0.0005565051476726,0.0084933285632892,0.0027162751255449,21.587097388984184,0.00015568894012269905
041724_TrNum2,/gpfs/radev/pi/saxena/aj764/Training_COOPERATION/041724/Behavioral/processed/lever/041724_COOPTRAIN_LARGEARENA_EB011Y-EB015R_Camera2_lever.csv,EB011Y-EB015R,2024-04-17,Training Partner,transparent,cooperation,False,0.007832020597897,0.209051532793019,0.0903504432860241,0.0005675836789569,0.0017154344710373,0.0055299772966528,11.840259245139157,1.9025151249999275e-05
041724_TrNum3,/gpfs/radev/pi/saxena/aj764/Training_COOPERATION/041724/Behavioral/processed/lever/041724_COOPTRAIN_LARGEARENA_EB021R-EB023B_Camera3_lever.csv,EB021R-EB023B,2024-04-17,Training Partner,transparent,cooperation,False,0.0077250687983226,0.1120331542392871,0.0990859651421832,0.000756781548945,0.000769885991351,0.0059723496265233,13.33577922077922,0.000226051631503299
041824_TrNum2,/gpfs/radev/pi/saxena/aj764/Training_COOPERATION/041824/Behavioral/processed/lever/041824_COOPTRAIN_LARGEARENA_EB011Y-EB015R_Camera2_lever.csv,EB011Y-EB015R,2024-04-18,Training Partner,transparent,cooperation,False,0.0121332131724941,0.1765248162448635,0.0810548247608496,0.0013642113618136,0.0006324979950226,0.0101365038156578,15.955377302436126,9.8879238130678e-17
041824_TrNum1,/gpfs/radev/pi/saxena/aj764/Training_COOPERATION/041824/Behavioral/processed/lever/041824_COOPTRAIN_LARGEARENA_EB005Y-EB007R_Camera1_lever.csv,EB005Y-EB007R,2024-04-18,Training Partner,transparent,cooperation,False,0.0039404625904402,0.1789350817066507,0.1476514511829666,0.0002483484825907,0.0012789946853424,0.0024089802811304,9.147804054054054,4.139141376700069e-06
041824_TrNum3,/gpfs/radev/pi/saxena/aj764/Training_COOPERATION/041824/Behavioral/processed/lever/041824_COOPTRAIN_LARGEARENA_EB021R-EB023B_Camera3_lever.csv,EB021R-EB023B,2024-04-18,Training Partner,transparent,cooperation,False,0.004847542312592,0.1449547507569114,0.1559237628840395,0.0005501050576576,0.0006245553662127,0.0036728818887216,12.751391096979331,9.93129189996722e-17
041824_TrNum4,/gpfs/radev/pi/saxena/aj764/Training_COOPERATION/041824/Behavioral/processed/lever/041824_COOPTRAIN_LARGEARENA_EB027Y-EB029R_Camera4_lever.csv,EB027Y-EB029R,2024-04-18,Training Partner,transparent,cooperation,False,0.0043275880633111,0.2448255298707107,0.1479910880674524,0.001859413435815,0.0012092399181692,0.0012589347093268,10.886904761904765,9.952975943416931e-17
041824_TrNum2,/gpfs/radev/pi/saxena/aj764/Training_COOPERATION/041824/Behavioral/processed/lever/041824_COOPTRAIN_LARGEARENA_EB003B-EB019Y_Camera2_lever.csv,EB003B-EB019Y,2024-04-18,Training Partner,transparent,cooperation,False,0.0173994851138115,0.0298572855037122,0.0251023998587119,0.0010902273514607,0.0002309515884714,0.0160409463580972,12.83960292580982,3.7359815782199435e-05
041924_TrNum4,/gpfs/radev/pi/saxena/aj764/Training_COOPERATION/041924/Behavioral/processed/lever/041924_COOPTRAIN_LARGEARENA_EB027Y-EB029R_Camera4_lever.csv,EB027Y-EB029R,2024-04-19,Training Partner,transparent,cooperation,False,0.0074736261040235,0.2141713689892051,0.1364542443572129,0.0012910942100098,0.0034316732090284,0.0026496565260058,14.178332621994594,0.00010120215897949959
041924_TrNum2,/gpfs/radev/pi/saxena/aj764/Training_COOPERATION/041924/Behavioral/processed/lever/041924_COOPTRAIN_LARGEARENA_EB011Y-EB015R_Camera2_lever.csv,EB011Y-EB015R,2024-04-19,Training Partner,transparent,cooperation,False,0.0048534072900158,0.2652752327654517,0.0987643621236133,0.0005261984944532,0.0005138173534072,0.0036957706022187,8.70309799228826,0.00011762083993670019
041924_TrNum1,/gpfs/radev/pi/saxena/aj764/Training_COOPERATION/041924/Behavioral/processed/lever/041924_COOPTRAIN_LARGEARENA_EB005Y-EB007R_Camera1_lever.csv,EB005Y-EB007R,2024-04-19,Training Partner,transparent,cooperation,False,0.0062135682359645,0.167728580354139,0.1139383037302006,0.0004874733091198,0.0014452553742215,0.004280839552623,10.057932932932932,2.0036056147532122e-16
041924_TrNum2,/gpfs/radev/pi/saxena/aj764/Training_COOPERATION/041924/Behavioral/processed/lever/041924_COOPTRAIN_LARGEARENA_EB003B-EB019Y_Camera2_lever.csv,EB003B-EB019Y,2024-04-19,Training Partner,transparent,cooperation,False,0.0158333333333333,0.0438278008298755,0.0262344398340248,0.001753112033195,0.0027351313969571,0.0111203319502074,13.471713685474189,0.0002247579529737996
041924_TrNum3,/gpfs/radev/pi/saxena/aj764/Training_COOPERATION/041924/Behavioral/processed/lever/041924_COOPTRAIN_LARGEARENA_EB009B-EB033Y_Camera3_lever.csv,EB009B-EB033Y,2024-04-19,Training Partner,transparent,cooperation,False,0.0346714193936128,0.0485634744644547,0.0374760809345187,0.0012572620700612,0.0146070365227723,0.0186965922671474,21.343048014478867,0.00011052853363189424
041924_TrNum3,/gpfs/radev/pi/saxena/aj764/Training_COOPERATION/041924/Behavioral/processed/lever/041924_COOPTRAIN_LARGEARENA_EB021R-EB023B_Camera3_lever.csv,EB021R-EB023B,2024-04-19,Training Partner,transparent,cooperation,False,0.0087691873865921,0.1178522387327742,0.0830850620371732,0.001725638762199,0.0006038203128831,0.0064213378451277,14.163952119309265,1.839046638230004e-05
042224_TrNum3,/gpfs/radev/pi/saxena/aj764/Training_COOPERATION/042224/Behavioral/processed/lever/042224_COOPTRAIN_LARGEARENA_EB027Y-EB029R_Camera3_lever.csv,EB027Y-EB029R,2024-04-22,Training Partner,transparent,cooperation,False,0.0068623675167932,0.1332059560548389,0.051957925484292,0.0015780444253267,0.0014029840294901,0.0038513287084043,16.057881773399014,3.0010353572100003e-05
042224_TrNum4,/gpfs/radev/pi/saxena/aj764/Training_COOPERATION/042224/Behavioral/processed/lever/042224_COOPTRAIN_LARGEARENA_EB021R-EB023B_Camera4_lever.csv,EB021R-EB023B,2024-04-22,Training Partner,transparent,cooperation,False,0.00510613650913,0.173263151476969,0.1208757151131479,0.0007671906595807,0.0006350916056131,0.0036936927782463,8.821356275303643,1.0161465689900121e-05
042224_TrNum2,/gpfs/radev/pi/saxena/aj764/Training_COOPERATION/042224/Behavioral/processed/lever/042224_COOPTRAIN_LARGEARENA_EB011Y-EB015R_Camera2_lever.csv,EB011Y-EB015R,2024-04-22,Training Partner,transparent,cooperation,False,0.0046523439483975,0.2691045761592767,0.1000863426278632,0.0006196353293717,0.0003504494895626,0.0036822591294631,8.628877005347594,9.93129189996722e-17
042224_TrNum2,/gpfs/radev/pi/saxena/aj764/Training_COOPERATION/042224/Behavioral/processed/lever/042224_COOPTRAIN_LARGEARENA_EB003B-EB019Y_Camera2_lever.csv,EB003B-EB019Y,2024-04-22,Training Partner,transparent,cooperation,False,0.0155804703892768,0.0398703454323384,0.0167893269863142,0.0014500015658764,0.0003883373524161,0.0136920234255112,12.950229158553755,5.010804547309934e-05
042224_TrNum3,/gpfs/radev/pi/saxena/aj764/Training_COOPERATION/042224/Behavioral/processed/lever/042224_COOPTRAIN_LARGEARENA_EB009B-EB033Y_Camera3_lever.csv,EB009B-EB033Y,2024-04-22,Training Partner,transparent,cooperation,False,0.0203606012429541,0.0401099629040805,0.0501336898395721,0.0023094618682853,0.0020836344365756,0.0158320084790673,17.86933962264151,0.00013549645902589946
042224_TrNum1,/gpfs/radev/pi/saxena/aj764/Training_COOPERATION/042224/Behavioral/processed/lever/042224_COOPTRAIN_LARGEARENA_EB005Y-EB007R_Camera1_lever.csv,EB005Y-EB007R,2024-04-22,Training Partner,transparent,cooperation,False,0.0065794825903026,0.1678530751708428,0.1274914578587699,0.0012050520663846,0.001759274324764,0.0036151561991539,9.31604067233866,1.0018028073766061e-16
042324_TrNum4,/gpfs/radev/pi/saxena/aj764/Training_COOPERATION/042324/Behavioral/processed/lever/042324_COOPTRAIN_LARGEARENA_EB027Y-EB029R_Camera4_lever.csv,EB027Y-EB029R,2024-04-23,Training Partner,transparent,cooperation,False,0.0032681429359823,0.2393548220198675,0.1676108926600441,0.0003707919426048,0.0011899834437086,0.0016685637417218,10.752564102564104,3.880380794710008e-05
042324_TrNum3,/gpfs/radev/pi/saxena/aj764/Training_COOPERATION/042324/Behavioral/processed/lever/042324_COOPTRAIN_LARGEARENA_EB009B-EB033Y_Camera3_lever.csv,EB009B-EB033Y,2024-04-23,Training Partner,transparent,cooperation,False,0.0419912176795051,0.0366428562882132,0.0341481508070402,0.0079028919439558,0.0048936908479605,0.0290630197303085,27.40683605565638,0.00013161515728030496
042324_TrNum3,/gpfs/radev/pi/saxena/aj764/Training_COOPERATION/042324/Behavioral/processed/lever/042324_COOPTRAIN_LARGEARENA_EB021R-EB023B_Camera3_lever.csv,EB021R-EB023B,2024-04-23,Training Partner,transparent,cooperation,False,0.0067139577831857,0.1849574552546644,0.0890117192219403,0.0006170282538531,0.0007507896235696,0.0053375101399748,12.544642857142858,8.629765788198927e-06
042324_TrNum2,/gpfs/radev/pi/saxena/aj764/Training_COOPERATION/042324/Behavioral/processed/lever/042324_COOPTRAIN_LARGEARENA_EB011Y-EB015R_Camera2_lever.csv,EB011Y-EB015R,2024-04-23,Training Partner,transparent,cooperation,False,0.0058423807593801,0.3188948198994507,0.1109190000258703,0.0010951769098764,0.000629511137173,0.0036175331786863,11.633333333333333,0.0005001595336444004
042324_TrNum1,/gpfs/radev/pi/saxena/aj764/Training_COOPERATION/042324/Behavioral/processed/lever/042324_COOPTRAIN_LARGEARENA_EB005Y-EB007R_Camera1_lever.csv,EB005Y-EB007R,2024-04-23,Training Partner,transparent,cooperation,False,0.0069974938206746,0.1497765108127427,0.0978098920878799,0.0018258076184406,0.0010205575603076,0.004077924091187,11.297178130511464,7.320455073940059e-05
042424_TrNum3,/gpfs/radev/pi/saxena/aj764/Training_COOPERATION/042424/Behavioral/processed/lever/042424_COOPTRAIN_LARGEARENA_EB021R-EB023B_Camera3_lever.csv,EB021R-EB023B,2024-04-24,Training Partner,transparent,cooperation,False,0.0098929430339691,0.2110094799043349,0.0918777938403938,0.0011358564224186,0.000889365585882,0.0078277495386624,13.391335227272728,3.9971487006100134e-05
042424_TrNum4,/gpfs/radev/pi/saxena/aj764/Training_COOPERATION/042424/Behavioral/processed/lever/042424_COOPTRAIN_LARGEARENA_EB027Y-EB029R_Camera4_lever.csv,EB027Y-EB029R,2024-04-24,Training Partner,transparent,cooperation,False,0.0044131243057726,0.1164373083599938,0.1612569589017406,0.0003857742422529,0.0025906735751295,0.0014167226482736,11.239583333333334,1.995384011659984e-05
042424_TrNum1,/gpfs/radev/pi/saxena/aj764/Training_COOPERATION/042424/Behavioral/processed/lever/042424_COOPTRAIN_LARGEARENA_EB005Y-EB007R_Camera1_lever.csv,EB005Y-EB007R,2024-04-24,Training Partner,transparent,cooperation,False,0.0047863771319016,0.1867419350543876,0.1361221691142206,0.0008920369063627,0.0016842189351475,0.0021368943801674,7.777935606060605,7.322691022400079e-05
042424_TrNum3,/gpfs/radev/pi/saxena/aj764/Training_COOPERATION/042424/Behavioral/processed/lever/042424_COOPTRAIN_LARGEARENA_EB009B-EB033Y_Camera3_lever.csv,EB009B-EB033Y,2024-04-24,Training Partner,transparent,cooperation,False,0.0211421878887547,0.0266219225797838,0.0729205226076983,0.0010346564394468,0.0041507624902147,0.0157352735922907,15.793256800082736,0.0002214953668025002
042424_TrNum2,/gpfs/radev/pi/saxena/aj764/Training_COOPERATION/042424/Behavioral/processed/lever/042424_COOPTRAIN_LARGEARENA_EB011Y-EB015R_Camera2_lever.csv,EB011Y-EB015R,2024-04-24,Training Partner,transparent,cooperation,False,0.0041564694615875,0.3078913066609917,0.1111772451585443,0.0006750106405618,0.000382395190466,0.0030957384549904,10.646753246753246,3.3251755693001865e-06
042524_TrNum1,/gpfs/radev/pi/saxena/aj764/Training_COOPERATION/042524/Behavioral/processed/lever/042524_COOPTRAIN_LARGEARENA_EB005Y-EB007R_Camera1_lever.csv,EB005Y-EB007R,2024-04-25,Training Partner,transparent,cooperation,False,0.0051482824693191,0.2024007637889767,0.1098410761998846,0.0008453393623157,0.0016807335556631,0.0026023192134034,9.06188118811881,1.989033793690009e-05
042524_TrNum3,/gpfs/radev/pi/saxena/aj764/Training_COOPERATION/042524/Behavioral/processed/lever/042524_COOPTRAIN_LARGEARENA_EB021R-EB023B_Camera3_lever.csv,EB021R-EB023B,2024-04-25,Training Partner,transparent,cooperation,False,0.0038698133003722,0.3308672406111215,0.1017290196472972,0.0007545596964514,0.0010096727366802,0.0021055808672406,9.71470588235294,-4.336808689942018e-19
042524_TrNum2,/gpfs/radev/pi/saxena/aj764/Training_COOPERATION/042524/Behavioral/processed/lever/042524_COOPTRAIN_LARGEARENA_EB011Y-EB015R_Camera2_lever.csv,EB011Y-EB015R,2024-04-25,Training Partner,transparent,cooperation,False,0.0024439351564118,0.3746989589807333,0.1212903977625854,0.0002201160140874,0.0006150300393619,0.0016087891029625,7.058771929824561,2.168404344971009e-19
042524_TrNum4,/gpfs/radev/pi/saxena/aj764/Training_COOPERATION/042524/Behavioral/processed/lever/042524_COOPTRAIN_LARGEARENA_EB027Y-EB029R_Camera4_lever.csv,EB027Y-EB029R,2024-04-25,Training Partner,transparent,cooperation,False,0.0054822603781251,0.2083874582135403,0.1589701600044326,0.0007818608287724,0.0030043156255194,0.0016683801936798,18.354146576663453,2.7703730153499527e-05
042624_TrNum4,/gpfs/radev/pi/saxena/aj764/Training_COOPERATION/042624/Behavioral/processed/lever/042624_COOPTRAIN_LARGEARENA_EB027Y-EB029R_Camera4_lever.csv,EB027Y-EB029R,2024-04-26,Training Partner,transparent,cooperation,False,0.0055518060704677,0.1433415308377171,0.1771446797888372,0.0004876898754657,0.001971561439679,0.0029145826206743,13.391968465139197,0.0001779721346486995
042624_TrNum3,/gpfs/radev/pi/saxena/aj764/Training_COOPERATION/042624/Behavioral/processed/lever/042624_COOPTRAIN_LARGEARENA_EB021R-EB023B_Camera3_lever.csv,EB021R-EB023B,2024-04-26,Training Partner,transparent,cooperation,False,0.0049090488924102,0.2918292562147172,0.0797002409956752,0.0011422534746294,0.0004291703806411,0.0033343237265194,11.056231380337636,3.3013106202997057e-06
042624_TrNum1,/gpfs/radev/pi/saxena/aj764/Training_COOPERATION/042624/Behavioral/processed/lever/042624_COOPTRAIN_LARGEARENA_EB005Y-EB007R_Camera1_lever.csv,EB005Y-EB007R,2024-04-26,Training Partner,transparent,cooperation,False,0.0033324999342053,0.1968379082559149,0.1183415795983893,0.0003388425402005,0.0009211253520014,0.0020429244414032,6.892169566827101,2.9607600600200287e-05
043024_TrNum3,/gpfs/radev/pi/saxena/aj764/Training_COOPERATION/043024/Behavioral/processed/lever/043024_COOPTRAIN_LARGEARENA_EB021R-EB023B_Camera3_lever.csv,EB021R-EB023B,2024-04-30,Training Partner,transparent,cooperation,False,0.0049858554350801,0.2609941845513145,0.0755552052828498,0.0007341900266299,0.000539235612779,0.003708281829419,12.200257289879932,4.1479662522005654e-06
043024_TrNum1,/gpfs/radev/pi/saxena/aj764/Training_COOPERATION/043024/Behavioral/processed/lever/043024_COOPTRAIN_LARGEARENA_EB005Y-EB007R_Camera1_lever.csv,EB005Y-EB007R,2024-04-30,Training Partner,transparent,cooperation,False,0.0078484348712508,0.1656127497700168,0.0741457471759723,0.0028551064552755,0.0010566794573225,0.0039283612766345,14.029960491659349,8.287682018300394e-06
