label,date,session,ratPair,familiarity,transparency,social_gaze,lever_gaze,mag_gaze,social_gaze_at_lev,social_gaze_at_mag,social_gaze_at_center,avg_social_gaze_length,isKL
comp,2024-04-16,041624_KL001_TimeOut_TrNum6,KL001B-KL001Y,,transparent,0.0020224199699526,0.1853403443892291,0.1319773488963365,0.0001733502831387,0.0004333757078469,0.0014156939789668,6.392857142857142,True
comp,2024-04-16,041624_KL001_TimeOut_TrNum8,KL001B-KL001Y,,transparent,0.0010817690104995,0.1712376710149538,0.1679287305122494,0.0,9.545020680878142e-05,0.0009863188036907,3.75,True
comp,2024-04-16,041624_KL002_TimeOut_TrNum5,KL002B-KL002Y,,transparent,0.0042062947347779,0.1396411412883616,0.1099813707226198,8.824394548485145e-05,0.0010785371114815,0.0030297087949799,9.072222222222225,True
comp,2024-04-16,041624_KL002_TimeOut_TrNum12,KL002B-KL002Y,,transparent,0.0011733750533352,0.1872422130564642,0.2646849665765894,0.0,0.0008533636751528,0.0003200113781823,7.5,True
comp,2024-04-18,041824_KL005_TimeOut_TrNum12,KL005B-KL005Y,,transparent,0.0019770377780953,0.1408937163546281,0.3322614453813539,0.0,0.0002858367871945,0.0016912009909008,7.833333333333333,True
comp,2024-04-18,041824_KL005_TimeOut_TrNum9,KL005B-KL005Y,,transparent,0.0046239474810903,0.0928500071357214,0.3245754245754246,0.0,0.0021978021978021,0.0024261452832881,12.461538461538462,True
comp,2024-04-19,041924_KL002_TimeOut_TrNum9,KL002B-KL002Y,,transparent,0.0023177749360613,0.1719416027280477,0.2089993606138107,0.0015185421994884,5.328218243819267e-05,0.0007459505541346,8.7,True
comp,2024-04-19,041924_KL002_TimeOut_TrNum7,KL002B-KL002Y,,transparent,0.0018530414587142,0.2341750259425804,0.1657854425063003,0.0005188516084399,0.0002470721944952,0.001087117655779,4.966666666666667,True
comp,2024-04-22,042224_KL005_TimeOut_TrNum9,KL005B-KL005Y,,transparent,0.002665619704922,0.1542339959499111,0.3444228623383064,0.0,0.0019423895524238,0.0007232301524982,5.948717948717948,True
comp,2024-04-22,042224_KL005_TimeOut_TrNum11,KL005B-KL005Y,,transparent,0.0023214177338107,0.1259179462280755,0.2980366571584633,4.551799478060327e-05,0.0012289858590762,0.0010469138799538,8.904761904761905,True
comp,2024-04-22,042224_KL006_TimeOut_TrNum8,KL006G-KL006R,,transparent,0.0019985542373602,0.2057873028022281,0.2604924097461411,0.0,0.0015095462856656,0.0004890079516945,7.25,True
comp,2024-04-22,042224_KL006_TimeOut_TrNum10,KL006G-KL006R,,transparent,0.0026103818615751,0.1254102028639618,0.3226431980906921,0.0001118735083532,0.0005593675417661,0.0019391408114558,6.888888888888889,True
comp,2024-04-23,042324_KL002_TimeOut_TrNum9,KL002B-KL002Y,,transparent,0.0026307564075849,0.2570848093352781,0.1351583663263179,0.0010158366326317,0.000130235465722,0.001484684309231,6.651515151515152,True
comp,2024-04-23,042324_KL002_TimeOut_TrNum12,KL002B-KL002Y,,transparent,0.0008267989544993,0.2133141302608417,0.1494639142262762,0.0,8.001280204832773e-05,0.000746786152451,3.55,True
comp,2024-04-24,042424_KL005_TimeOut_TrNum8,KL005B-KL005Y,,transparent,0.0014898065865133,0.1866701515943544,0.3215891270256142,5.227391531625719e-05,0.0005488761108207,0.0008886565603763,4.875,True
comp,2024-04-24,042424_KL005_TimeOut_TrNum10,KL005B-KL005Y,,transparent,0.0023781726985774,0.161845462014096,0.3357115060319107,0.0,0.0007350715613784,0.0016431011371989,9.085714285714284,True
comp,2024-04-24,042424_KL006_TimeOut_TrNum7,KL006G-KL006R,,transparent,0.0008711261285043,0.3877039227073544,0.1580433979198564,0.0001055910458793,0.0007127395596853,5.279552293965472e-05,9.25,True
comp,2024-04-24,042424_KL006_TimeOut_TrNum10,KL006G-KL006R,,transparent,0.0043300025621316,0.281040225467589,0.1568024596464258,0.0007686395080707,0.0012042018959774,0.0023571611580835,9.833333333333332,True
comp,2024-04-26,042624_KL002_TimeOut_TrNum12,KL002B-KL002Y,,transparent,0.0014120304998587,0.2272804292572719,0.1430104490256989,0.0002259248799774,0.0002824060999717,0.0009036995199096,3.9142857142857146,True
comp,2024-04-26,042624_KL002_TimeOut_TrNum10,KL002B-KL002Y,,transparent,0.0011435903157424,0.195163449737811,0.1666852616311502,0.0,0.0002789244672542,0.0008646658484882,4.583333333333334,True
comp,2024-04-26,042624_KL004_TimeOut_TrNum11,KL004G-KL004R,,transparent,0.0025705924226844,0.1227952226528513,0.287589970734794,0.0008898204540061,0.0006525349996045,0.0010282369690737,7.1125,True
comp,2024-04-26,042624_KL004_TimeOut_TrNum5,KL004G-KL004R,,transparent,0.0036727555382821,0.1356587640886125,0.1946560435289545,0.001379712397979,0.000660707345511,0.001632335794792,10.025,True
comp,2024-04-29,042924_KL005_TimeOut_TrNum7,KL005B-KL005Y,,transparent,0.0026562857797114,0.105587359743531,0.4063659262651706,0.0003434852301351,0.0016487291046485,0.0006640714449278,5.666666666666667,True
comp,2024-04-29,042924_KL005_TimeOut_TrNum10,KL005B-KL005Y,,transparent,0.0040121503607138,0.0671307429439311,0.4339197569927857,0.0,0.0029363371725098,0.001075813188204,9.884453781512605,True
comp,2024-04-30,043024_KL002_TimeOut_Translucent_TrNum10,KL002B-KL002Y,,translucent,0.000514050719671,0.2763879369431117,0.1445339273474983,0.0001427918665752,8.567511994516793e-05,0.0002855837331505,,True
comp,2024-04-30,043024_KL002_TimeOut_Translucent_TrNum12,KL002B-KL002Y,,translucent,0.0007014262333411,0.3094458732756605,0.1207037643207856,5.845218611176058e-05,0.0003214870236146,0.0003214870236146,2.333333333333333,True
comp,2024-04-30,043024_KL004_TimeOut_Opaque_TrNum11,KL004G-KL004R,,opaque,0.0021667354519191,0.1348534874122988,0.3395583986793231,0.0,0.0015889393314073,0.0005777961205117,4.821428571428571,True
comp,2024-04-30,043024_KL004_TimeOut_Opaque_TrNum5,KL004G-KL004R,,opaque,0.0020705797623334,0.1298838674828952,0.2526557436082103,0.0004276197335253,0.0011028087864602,0.0005401512423478,6.8375,True
comp,2024-05-01,050124_KL005_TimeOut_Opaque_TrNum12,KL005B-KL005Y,,opaque,0.0039075902558042,0.0803629293583927,0.3127215889596279,0.0,0.0017536502611413,0.0020967557470168,8.139204545454547,True
comp,2024-05-01,050124_KL005_TimeOut_Opaque_TrNum10,KL005B-KL005Y,,opaque,0.0029573199583609,0.1806804201760196,0.3245954386296962,0.0012775622220119,0.0009700009463423,0.0006860982303397,8.357142857142858,True
comp,2024-05-01,050124_KL006_TimeOut_Translucent_TrNum12,KL006G-KL006R,,translucent,0.0004323763403666,0.4549463853337945,0.1034820707944194,0.0,0.0,0.0004323763403666,,True
comp,2024-05-01,050124_KL006_TimeOut_Translucent_TrNum10,KL006G-KL006R,,translucent,0.0018263473053892,0.3114970059880239,0.1425748502994012,0.0,0.0014670658682634,0.0003592814371257,8.8,True
comp,2024-05-03,050324_KL002_TimeOut_Opaque_TrNum5,KL002B-KL002Y,,opaque,0.0006059556786703,0.2980147737765466,0.1766793628808864,0.0002885503231763,2.8855032317636195e-05,0.0002885503231763,2.4333333333333336,True
comp,2024-05-03,050324_KL002_TimeOut_Opaque_TrNum7,KL002B-KL002Y,,opaque,0.0002851602600661,0.3067754077791719,0.1278373445876582,0.0,8.554807801984715e-05,0.0001996121820463,4.25,True
comp,2024-05-05,050524_KL005_TimeOut_Translucent_TrNum12,KL005B-KL005Y,,translucent,0.0070630057533093,0.0478506946068571,0.3868281958931662,0.0,0.0056129847046166,0.0013096964310772,12.714285714285715,True
comp,2024-05-05,050524_KL005_TimeOut_Translucent_TrNum10,KL005B-KL005Y,,translucent,0.0024298916507329,0.078845336732526,0.409403547907372,0.0,0.001726152538772,0.0005975143403441,8.803030303030303,True
comp,2024-05-05,050524_KL006_TimeOut_Opaque_TrNum12,KL006G-KL006R,,opaque,0.0012960235640648,0.3235346097201767,0.149101620029455,0.0002945508100147,0.0001767304860088,0.0008247422680412,5.916666666666667,True
comp,2024-05-05,050524_KL006_TimeOut_Opaque_TrNum5,KL006G-KL006R,,opaque,0.0020847104286368,0.2926984288401891,0.1202521991152692,0.0008898154268571,0.0003305028728326,0.0008643921289469,7.625,True
comp,2024-05-08,050824_EB001R-031B-027Y_TimeOut_CNO_TrNum7,EB001R-EB031B,,transparent,0.0063206515133098,0.1528301122320813,0.1141161217130586,0.0001418094890806,0.0021676593330902,0.0040111826911389,6.443478260869565,False
comp,2024-05-08,050824_EB007R-005Y-003B_TimeOut_CNO_TrNum12,EB005Y-EB007R,,transparent,0.0018871993960961,0.1542920306265502,0.0983500485279844,0.0014288795427585,0.0001617599482368,0.0002965599051008,6.316666666666666,False
comp,2024-05-08,050824_EB015R-011Y-009B_TimeOut_CNO_TrNum9,EB011Y-EB015R,,transparent,0.0018323849937313,0.1593692737968945,0.2561722441894107,0.0,0.0007956408525412,0.00103674414119,9.125,False
comp,2024-05-08,050824_EB021R-023B-019Y_TimeOut_CNO_TrNum10,EB021R-EB023B,,transparent,0.0052412579018964,0.0984502947374036,0.2973513643274386,9.335573871062388e-05,0.0017070763649942,0.002680643354405,11.292857142857144,False
comp,2024-05-10,051024_EB011Y-015R-009B_TimeOut_CNO_TrNum11,EB011Y-EB015R,,transparent,0.0048850313550849,0.1930382622921021,0.1207397982368445,0.0012723802599291,0.0012269381077887,0.002385712987367,8.903571428571428,False
comp,2024-05-10,051024_EB023B-021R-019Y_TimeOut_CNO_TrNum9,EB021R-EB023B,,transparent,0.0054684651841049,0.1185745534086766,0.2032218374043018,0.0004329201604083,0.0006835581480131,0.0043519868756835,10.73263888888889,False
comp,2024-05-10,051024_EB031B-001R-027Y_TimeOut_CNO_TrNum12,EB001R-EB031B,,transparent,0.0037194693557052,0.0858784146795057,0.2974955573004918,0.000206637186428,0.0009505310575691,0.0024383187998512,8.777777777777777,False
comp,2024-05-13,051324_EB001R-031B-033Y_TimeOut_VEH_TrNum9,EB001R-EB031B,,transparent,0.0029225032752191,0.1075531593268164,0.1962360173334677,0.0001511639625113,0.0017887735563841,0.0009825657563236,5.446153846153846,False
comp,2024-05-13,051324_EB015R-011Y-003B_TimeOut_VEH_TrNum10,EB011Y-EB015R,,transparent,0.0009179048821065,0.1978371866215363,0.1350754403074981,0.0003442143307899,0.0002007916929608,0.0003728988583558,1.95,False
comp,2024-05-13,051324_EB021R-023B-027Y_TimeOut_VEH_TrNum12,EB021R-EB023B,,transparent,0.0095914558274574,0.0334508502695976,0.2101410203235172,0.0003318125259228,0.0022501036914143,0.0070095396101202,10.822368421052632,False
comp,2024-05-14,051424_EB011Y-015R-003B_TimeOut_VEH_TrNum12,EB011Y-EB015R,,transparent,0.0016498020237571,0.2442531896172459,0.1575560932688077,0.0002749670039595,0.0003574571051473,0.0010173779146502,7.5,False
comp,2024-05-14,051424_EB023B-021R-027Y_TimeOut_VEH_TrNum12,EB021R-EB023B,,transparent,0.006409055132866,0.0751471084292192,0.1098721936958884,1.873992728908212e-05,0.0001311794910235,0.0062591357145534,11.859523809523813,False
comp,2024-05-14,051424_EB031B-001R-033Y_TimeOut_VEH_TrNum9,EB001R-EB031B,,transparent,0.0026353381606817,0.094157923255012,0.1464952465395793,0.0,0.000344810600463,0.0022905275602187,6.0064935064935066,False
comp,2024-05-15,051524_EB001R-031B-019Y_TimeOut_VEH_TrNum9,EB001R-EB031B,,transparent,0.0040322580645161,0.1484911550468262,0.1771852237252861,0.0004422476586888,0.0023933402705515,0.0011966701352757,8.483333333333334,False
comp,2024-05-15,051524_EB015R-011Y_033Y_TimeOut_VEH_TrNum10,EB011Y-EB015R,,transparent,0.0012091898428053,0.3312316462256002,0.1049116139805378,0.0002591121091725,0.0,0.0009500777336327,4.25,False
comp,2024-05-15,051524_EB021R-023B-009B_TimeOut_VEH_TrNum12,EB021R-EB023B,,transparent,0.0060772944515878,0.0540163516824765,0.3424876877168296,0.0004003008321405,0.0011159901986947,0.0043547878405589,12.437343358395989,False
comp,2024-05-21,052124_EB001R-031B-003B_TimeOut_CNO_TrNum12,EB001R-EB031B,,transparent,0.004851357937176,0.1184262992335297,0.1865003765894289,2.215231934783572e-05,0.0009747020513047,0.0038545035665234,6.776515151515152,False
comp,2024-05-21,052124_EB015R-011Y_019Y_TimeOut_CNO_TrNum10,EB011Y-EB015R,,transparent,0.0013836726625815,0.1055544574026487,0.2355455623641035,0.0001482506424194,0.0008153785333069,0.0004200434868551,3.8125,False
comp,2024-05-21,052124_EB029R-027Y-033Y_TimeOut_CNO_TrNum9,EB027Y-EB029R,,transparent,0.0027797209233827,0.1676300578034682,0.2221383601487427,0.0010124811310334,0.001270203600751,0.0003129487132285,7.489010989010989,False
comp,2024-05-23,052324_EB007R-005Y-033Y_TimeOut_VEH_TrNum7,EB005Y-EB007R,,transparent,0.007773631840796,0.1338878524046434,0.0918325041459369,0.0008291873963515,0.0010623963515754,0.0058820480928689,9.462450592885377,False
comp,2024-05-23,052324_EB015R-011Y_023B_TimeOut_VEH_TrNum10,EB011Y-EB015R,,transparent,0.0025783935826648,0.180331284508803,0.1146213147202833,0.0002604437962287,0.0,0.002317949786436,10.714285714285715,False
comp,2024-05-23,052324_EB029R-027Y-003B_TimeOut_VEH_TrNum7,EB027Y-EB029R,,transparent,0.0026190707149093,0.0898405923626604,0.3245707634106121,0.0,0.0016652116273806,0.0009538590875286,8.353535353535353,False
comp,2024-05-24,052424_EB005Y-007R-023B_TimeOut_CNO_TrNum7,EB005Y-EB007R,,transparent,0.0050237536176486,0.1559820892262327,0.1547261508218205,0.0016654835362856,0.0011194233604543,0.0022388467209086,9.5,False
comp,2024-05-24,052424_EB011Y-015R-003B_TimeOut_CNO_TrNum10,EB011Y-EB015R,,transparent,0.0011466468327755,0.2610945828684765,0.188267013759762,0.0007127804636172,0.0001859427296392,0.0001239618197595,6.0,False
comp,2024-05-24,052424_EB027Y-029R-017B_TimeOut_CNO_TrNum7,EB027Y-EB029R,,transparent,0.0017581288767729,0.1425269645608628,0.242858836079175,0.0002568053415511,0.0008691873098652,0.0006321362253565,6.402777777777778,False
comp,2024-05-24,052424_EB031B-001R-033Y_TimeOut_CNO_TrNum10,EB001R-EB031B,,transparent,0.001089458970564,0.0671558954119388,0.3895740832099983,0.0,0.0004111165926656,0.0006783423778983,4.385714285714286,False
comp,2024-05-28,052824_EB005Y-007R-017B_TimeOut_VEH_TrNum8,EB005Y-EB007R,,transparent,0.0025425543303714,0.1596188844877422,0.1349159618884488,0.0004549834064875,0.0011508403811155,0.0009367305427684,5.916666666666666,False
comp,2024-05-28,052824_EB011Y-015R-023B_TimeOut_VEH_TrNum7,EB011Y-EB015R,,transparent,0.0034143742735373,0.1083397907787679,0.2731499418829911,0.0,0.0002905850445563,0.003123789228981,6.178571428571429,False
comp,2024-05-28,052824_EB027Y-029R-003B_TimeOut_VEH_TrNum7,EB027Y-EB029R,,transparent,0.0016433230520301,0.2140365070536481,0.1870607271072457,0.000328664610406,0.0009354300450017,0.0002528189310815,5.0,False
comp,2024-05-28,052824_EB031B-001R-019Y_TimeOut_VEH_TrNum8,EB001R-EB031B,,transparent,0.0026666002093405,0.0867517320440612,0.1843692369037531,0.0,2.4921497283556795e-05,0.002641678712057,6.215909090909091,False
comp,2024-05-29,052924_EB001R-031B-033Y_TimeOut_CNO_TrNum12,EB001R-EB031B,,transparent,0.0006102323764889,0.1003710212849053,0.2180238234719781,0.0,0.0004881859011911,0.0001220464752977,8.5,False
comp,2024-05-29,052924_EB015R-011Y_017B_TimeOut_CNO_TrNum7,EB011Y-EB015R,,transparent,0.000272881078426,0.1455547672324401,0.2428368716913169,0.0001637286470556,0.0,0.0001091524313704,,False
comp,2024-05-29,052924_EB029R-027Y-023B_TimeOut_CNO_TrNum12,EB027Y-EB029R,,transparent,0.001874556692674,0.1451008207518492,0.2958759752761171,0.0,0.0014185834431046,0.0004559732495693,8.333333333333332,False
comp,2024-05-31,053124_EB011Y-015R-017B_TimeOut_CNO_TrNum12,EB011Y-EB015R,,transparent,0.0007328308207705,0.1606469849246231,0.2987594221105528,0.0,0.000235552763819,0.0004972780569514,,False
comp,2024-05-31,053124_EB027Y-029R-023B_TimeOut_CNO_TrNum9,EB027Y-EB029R,,transparent,0.0038587407805402,0.1368387632491574,0.1994822449079275,0.0008547843501196,0.0017828359302495,0.0012211205001709,7.25,False
comp,2024-05-31,053124_EB031B-001R-033Y_TimeOut_CNO_TrNum10,EB001R-EB031B,,transparent,0.0003651275137624,0.1868891135827435,0.2426412762610942,0.0,0.0,0.0003651275137624,,False
comp,2024-09-03,090324_FiberPho_KL002B-KL003_TimeOut_TrNum8,KL002B-KL002Y,,transparent,0.0074555074555074,0.1782106782106782,0.1395502645502645,0.000571188071188,0.0036075036075036,0.0032166907166907,10.6,True
comp,2024-09-09,090924_FiberPho_KL007G-KL002_TimeOut_TrNum12,KL007G-KL007Y,,transparent,0.0042782957630119,0.1162811282898619,0.1911365513985601,0.0008261536645816,0.0,0.0033636256343679,15.416666666666666,True
comp,2024-09-10,091024_FiberPho_KL007Y-KL002_TimeOut_TrNum12,KL007G-KL007Y,,transparent,0.0061336456663789,0.0973369498212304,0.169091357415855,0.0008322031808654,0.0004931574405128,0.0043151276044877,15.05,True
comp,2024-09-11,091124_FiberPho_KL002Y-KL005_TimeOut_TrNum12,KL002B-KL002Y,,transparent,0.006824612994507,0.1901459246518337,0.185374244021528,0.0021916440104311,0.0009432391943627,0.0036897297897131,10.508333333333333,True
comp,2024-09-11,091124_FiberPho_KL007Y-KL004_TimeOut_TrNum10,KL007G-KL007Y,,transparent,0.0062977957714799,0.1538782854572328,0.2127433969539232,0.0009960799434483,0.0034059507743718,0.0018957650536597,10.416666666666668,True
comp,2024-09-12,091224_FiberPho_KL002B-KL005_TimeOut_NoTTL_TrNum12,KL002B-KL002Y,,transparent,0.0045511395219566,0.2065383546414674,0.154947192884936,0.0012506948304613,0.0007990550305725,0.0025013896609227,7.972727272727273,True
comp,2024-09-13,091324_FiberPho_KL005Y_KL007_TimeOut_TrNum14,KL005B-KL005Y,,transparent,0.0024036998722083,0.2807460597578044,0.157031582790726,0.0006998113551999,6.085316132173066e-05,0.0016430353556867,6.194444444444445,True
comp,2024-09-13,091324_FiberPho_KL006G-KL002_TimeOut_TrNum10,KL006G-KL006R,,transparent,0.0001863122593466,0.2661781145199354,0.128990187554341,0.0,0.0,0.0001863122593466,,True
comp,2024-09-16,091624_FiberPho_KL006G-KL007_TimeOut_TrNum10,KL006G-KL006R,,transparent,0.0027483713355048,0.2224484256243213,0.1552999457111835,0.0009161237785016,0.0,0.0018322475570032,9.075,True
comp,2024-09-18,091824_FiberPho_KL006G-KL003_TimeOut_TrNum12,KL006G-KL006R,,transparent,0.0058780036968576,0.2032162661737523,0.2480961182994454,0.0001478743068391,0.0039186691312384,0.0012939001848428,14.442857142857145,True
comp,2024-09-24,092424_FiberPho_KL002B-KL001_TimeOut_TrNum12,KL002B-KL002Y,,transparent,0.0028254499790707,0.1536905260220455,0.1506906655504395,0.0,0.0016394586298311,0.0011859913492395,4.75,True
comp,2024-09-24,092424_FiberPho_KL005Y-KL008_TimeOut_TrNum10,KL005B-KL005Y,,transparent,0.0104195005168942,0.1355895315305511,0.0776429620762827,0.0050057130420588,0.0006257141302573,0.004788073344578,16.105042016806724,True
comp,2024-09-25,092524_FiberPho_KL005Y-KL003_2X_TimeOut_TrNum14,KL005B-KL005Y,,transparent,0.0003723239218119,0.1782500775674837,0.3189574930189264,6.205398696866273e-05,0.0001241079739373,0.0001861619609059,3.6,True
comp,2024-09-25,092524_FiberPho_KL006G-KL002_2X_TimeOut_TrNum10,KL006G-KL006R,,transparent,0.0022752704214845,0.2718015665796344,0.1001491980604252,0.0004475941812756,0.0,0.0018276762402088,5.138888888888889,True
comp,2024-09-26,092624_FiberPho_KL002B-KL006_2X_TimeOut_TrNum8,KL002B-KL002Y,,transparent,0.0026696329254727,0.3012606599925843,0.0642565813867259,0.0004078605858361,0.000259547645532,0.0020022246941045,5.4,True
comp,2024-09-27,092724_FiberPho_KL007Y_KL003_TimeOut_TrNum13,KL005B-KL007Y,,transparent,0.0065819431220764,0.1129900235956451,0.1000331166949538,4.139586869230451e-05,0.0002276772778076,0.0060437968290764,8.352777777777778,True
comp,2024-09-30,093024_FiberPho_KL007Y_KL003_2X_TimeOut_TrNum12,KL005B-KL007Y,,transparent,0.001715736737355,0.1806670784434836,0.1641960057648754,0.0,0.0003088326127239,0.0014069041246311,7.833333333333334,True
comp,2024-10-02,100224_FiberPho_KL002Y-KL003_TimeOut_TrNum14,KL002B-KL002Y,,transparent,0.0038039502560351,0.2803950256035113,0.0559985369422092,0.0009875640087783,3.65764447695684e-05,0.0027432333577176,5.675,True
comp,2024-10-02,100224_FiberPho_KL006G-KL008_TimeOut_TrNum10,KL006G-KL006R,,transparent,0.0037054503806508,0.2489725796671832,0.119214444519302,0.0005726605133733,0.0004379168631678,0.0026948730041096,6.421428571428572,True
comp,2024-10-03,100324_FiberPho_KL002B_TimeOut_Opaque_TrNum7,KL002B-KL002Y,,opaque,0.0016014641958361,0.2609814687714482,0.1939487531457332,0.0,0.0002859757492564,0.0013154884465797,6.416666666666666,True
comp,2024-10-03,100324_FiberPho_KL005Y_TimeOut_Opaque_TrNum8,KL005B-KL005Y,,opaque,0.0015252721821911,0.2329195813390837,0.2303423973071056,0.001209698627255,0.0,0.000315573554936,8.75,True
comp,2024-10-03,100324_FiberPho_KL006G_TimeOut_Opaque_TrNum8,KL006G-KL006R,,opaque,0.0019920318725099,0.307057484348321,0.1155947638019351,0.0016220830961866,0.0,0.0003699487763232,7.6,True
