label,date,gaze_percent,lev_file,session,ratPair,familiarity,transparency,isKL
coop,2024-04-16,0.0024393459915611,/gpfs/radev/pi/saxena/aj764/PairedTestingSessions/041624_KL001_TimeOut/Behavioral/processed/lever/041624_Cam4_TrNum10_Coop_KL001B-KL001Y_lever.csv,041624_KL001_TimeOut_TrNum10,KL001B-KL001Y,Training Partner,transparent,True
coop,2024-04-16,0.0008657567732735,/gpfs/radev/pi/saxena/aj764/PairedTestingSessions/041624_KL002_TimeOut/Behavioral/processed/lever/041624_Cam3_TrNum7_Coop_KL002B-KL002Y_lever.csv,041624_KL002_TimeOut_TrNum7,KL002B-KL002Y,Training Partner,transparent,True
coop,2024-04-16,0.0029125952968968,/gpfs/radev/pi/saxena/aj764/PairedTestingSessions/041624_KL002_TimeOut/Behavioral/processed/lever/041624_Cam3_TrNum9_Coop_KL002B-KL002Y_lever.csv,041624_KL002_TimeOut_TrNum9,KL002B-KL002Y,Training Partner,transparent,True
coop,2024-04-18,0.0028005533623511,/gpfs/radev/pi/saxena/aj764/PairedTestingSessions/041824_KL005_TimeOut/Behavioral/processed/lever/041824_Cam4_TrNum5_Coop_KL005Y-KL005B_lever.csv,041824_KL005_TimeOut_TrNum5,KL005B-KL005Y,Training Partner,transparent,True
coop,2024-04-18,0.0074420785716766,/gpfs/radev/pi/saxena/aj764/PairedTestingSessions/041824_KL005_TimeOut/Behavioral/processed/lever/041824_Cam4_TrNum7_Coop_KL005Y-KL005B_lever.csv,041824_KL005_TimeOut_TrNum7,KL005B-KL005Y,Training Partner,transparent,True
coop,2024-04-19,0.0008237631438678,/gpfs/radev/pi/saxena/aj764/PairedTestingSessions/041924_KL002_TimeOut/Behavioral/processed/lever/041924_Cam4_TrNum12_Coop_KL002B-KL002Y_lever.csv,041924_KL002_TimeOut_TrNum12,KL002B-KL002Y,Training Partner,transparent,True
coop,2024-04-19,0.0021468759253775,/gpfs/radev/pi/saxena/aj764/PairedTestingSessions/041924_KL002_TimeOut/Behavioral/processed/lever/041924_Cam4_TrNum5_Coop_KL002B-KL002Y_lever.csv,041924_KL002_TimeOut_TrNum5,KL002B-KL002Y,Training Partner,transparent,True
coop,2024-04-22,0.0041268259258105,/gpfs/radev/pi/saxena/aj764/PairedTestingSessions/042224_KL005_TimeOut/Behavioral/processed/lever/042224_Cam2_TrNum5_Coop_KL005Y-KL005B_lever.csv,042224_KL005_TimeOut_TrNum5,KL005B-KL005Y,Training Partner,transparent,True
coop,2024-04-22,0.0110110223389086,/gpfs/radev/pi/saxena/aj764/PairedTestingSessions/042224_KL005_TimeOut/Behavioral/processed/lever/042224_Cam2_TrNum7_Coop_KL005Y-KL005B_lever.csv,042224_KL005_TimeOut_TrNum7,KL005B-KL005Y,Training Partner,transparent,True
coop,2024-04-22,0.0004300363876943,/gpfs/radev/pi/saxena/aj764/PairedTestingSessions/042224_KL006_TimeOut/Behavioral/processed/lever/042224_Cam4_TrNum12_Coop_KL006G-KL006R_lever.csv,042224_KL006_TimeOut_TrNum12,KL006G-KL006R,Training Partner,transparent,True
coop,2024-04-22,0.0038735021726726,/gpfs/radev/pi/saxena/aj764/PairedTestingSessions/042224_KL006_TimeOut/Behavioral/processed/lever/042224_Cam4_TrNum5_Coop_KL006G-KL006R_lever.csv,042224_KL006_TimeOut_TrNum5,KL006G-KL006R,Training Partner,transparent,True
coop,2024-04-23,0.0,/gpfs/radev/pi/saxena/aj764/PairedTestingSessions/042324_KL002_TimeOut/Behavioral/processed/lever/042324_Cam4_TrNum7_Coop_KL002B-KL002Y_lever.csv,042324_KL002_TimeOut_TrNum7,KL002B-KL002Y,Training Partner,transparent,True
coop,2024-04-23,0.0013875082836315,/gpfs/radev/pi/saxena/aj764/PairedTestingSessions/042324_KL002_TimeOut/Behavioral/processed/lever/042324_Cam4_TrNum5_Coop_KL002B-KL002Y_lever.csv,042324_KL002_TimeOut_TrNum5,KL002B-KL002Y,Training Partner,transparent,True
coop,2024-04-24,0.0005287741253194,/gpfs/radev/pi/saxena/aj764/PairedTestingSessions/042424_KL005_TimeOut/Behavioral/processed/lever/042424_Cam2_TrNum5_Coop_KL005Y-KL005B_lever.csv,042424_KL005_TimeOut_TrNum5,KL005B-KL005Y,Training Partner,transparent,True
coop,2024-04-24,0.0010403507468232,/gpfs/radev/pi/saxena/aj764/PairedTestingSessions/042424_KL005_TimeOut/Behavioral/processed/lever/042424_Cam2_TrNum12_Coop_KL005Y-KL005B_lever.csv,042424_KL005_TimeOut_TrNum12,KL005B-KL005Y,Training Partner,transparent,True
coop,2024-04-24,0.0022453387903592,/gpfs/radev/pi/saxena/aj764/PairedTestingSessions/042424_KL006_TimeOut/Behavioral/processed/lever/042424_Cam3_TrNum12_Coop_KL006G-KL006R_lever.csv,042424_KL006_TimeOut_TrNum12,KL006G-KL006R,Training Partner,transparent,True
coop,2024-04-24,0.0001095130320508,/gpfs/radev/pi/saxena/aj764/PairedTestingSessions/042424_KL006_TimeOut/Behavioral/processed/lever/042424_Cam3_TrNum5_Coop_KL006G-KL006R_lever.csv,042424_KL006_TimeOut_TrNum5,KL006G-KL006R,Training Partner,transparent,True
coop,2024-04-26,0.0016942561937562,/gpfs/radev/pi/saxena/aj764/PairedTestingSessions/042624_KL002_TimeOut/Behavioral/processed/lever/042624_Cam3_TrNum5_Coop_KL002B-KL002Y_lever.csv,042624_KL002_TimeOut_TrNum5,KL002B-KL002Y,Training Partner,transparent,True
coop,2024-04-26,8.619698885185611e-05,/gpfs/radev/pi/saxena/aj764/PairedTestingSessions/042624_KL002_TimeOut/Behavioral/processed/lever/042624_Cam3_TrNum7_Coop_KL002B-KL002Y_lever.csv,042624_KL002_TimeOut_TrNum7,KL002B-KL002Y,Training Partner,transparent,True
coop,2024-04-26,0.0008189791820775,/gpfs/radev/pi/saxena/aj764/PairedTestingSessions/042624_KL004_TimeOut/Behavioral/processed/lever/042624_Cam4_TrNum7_Coop_KL004G-KL004R_lever.csv,042624_KL004_TimeOut_TrNum7,KL004G-KL004R,Training Partner,transparent,True
coop,2024-04-26,0.0023617671575437,/gpfs/radev/pi/saxena/aj764/PairedTestingSessions/042624_KL004_TimeOut/Behavioral/processed/lever/042624_Cam4_TrNum9_Coop_KL004G-KL004R_lever.csv,042624_KL004_TimeOut_TrNum9,KL004G-KL004R,Training Partner,transparent,True
coop,2024-04-29,0.0009533456473812,/gpfs/radev/pi/saxena/aj764/PairedTestingSessions/042924_KL005_TimeOut/Behavioral/processed/lever/042924_Cam4_TrNum5_Coop_KL005Y-KL005B_lever.csv,042924_KL005_TimeOut_TrNum5,KL005B-KL005Y,Training Partner,transparent,True
coop,2024-04-29,0.0023568840086101,/gpfs/radev/pi/saxena/aj764/PairedTestingSessions/042924_KL005_TimeOut/Behavioral/processed/lever/042924_Cam4_TrNum12_Coop_KL005Y-KL005B_lever.csv,042924_KL005_TimeOut_TrNum12,KL005B-KL005Y,Training Partner,transparent,True
coop,2024-04-29,0.0021451802643415,/gpfs/radev/pi/saxena/aj764/PairedTestingSessions/042924_KL006_TimeOut/Behavioral/processed/lever/042924_Cam1_TrNum11_Coop_KL006G-KL006R_lever.csv,042924_KL006_TimeOut_TrNum11,KL006G-KL006R,Training Partner,transparent,True
coop,2024-04-30,0.0002921627346431,/gpfs/radev/pi/saxena/aj764/PairedTestingSessions/043024_KL002_TimeOut_Translucent/Behavioral/processed/lever/043024_Cam3_TrNum7_Coop_KL002B-KL002Y_lever.csv,043024_KL002_TimeOut_Translucent_TrNum7,KL002B-KL002Y,Training Partner,translucent,True
coop,2024-04-30,0.0016478005444906,/gpfs/radev/pi/saxena/aj764/PairedTestingSessions/043024_KL002_TimeOut_Translucent/Behavioral/processed/lever/043024_Cam3_TrNum5_Coop_KL002B-KL002Y_lever.csv,043024_KL002_TimeOut_Translucent_TrNum5,KL002B-KL002Y,Training Partner,translucent,True
coop,2024-04-30,0.0027409776153494,/gpfs/radev/pi/saxena/aj764/PairedTestingSessions/043024_KL004_TimeOut_Opaque/Behavioral/processed/lever/043024_Cam4_TrNum7_Coop_KL004G-KL004R_lever.csv,043024_KL004_TimeOut_Opaque_TrNum7,KL004G-KL004R,Training Partner,opaque,True
coop,2024-04-30,0.0034163326982458,/gpfs/radev/pi/saxena/aj764/PairedTestingSessions/043024_KL004_TimeOut_Opaque/Behavioral/processed/lever/043024_Cam4_TrNum9_Coop_KL004G-KL004R_lever.csv,043024_KL004_TimeOut_Opaque_TrNum9,KL004G-KL004R,Training Partner,opaque,True
coop,2024-05-01,0.0033395980916582,/gpfs/radev/pi/saxena/aj764/PairedTestingSessions/050124_KL005_TimeOut_Opaque/Behavioral/processed/lever/050124_Cam2_TrNum6_Coop_KL005Y-KL005B_lever.csv,050124_KL005_TimeOut_Opaque_TrNum6,KL005B-KL005Y,Training Partner,opaque,True
coop,2024-05-01,0.0035879036391594,/gpfs/radev/pi/saxena/aj764/PairedTestingSessions/050124_KL005_TimeOut_Opaque/Behavioral/processed/lever/050124_Cam2_TrNum8_Coop_KL005Y-KL005B_lever.csv,050124_KL005_TimeOut_Opaque_TrNum8,KL005B-KL005Y,Training Partner,opaque,True
coop,2024-05-01,0.0006967670011148,/gpfs/radev/pi/saxena/aj764/PairedTestingSessions/050124_KL006_TimeOut_Translucent/Behavioral/processed/lever/050124_Cam3_TrNum7_Coop_KL006G-KL006R_lever.csv,050124_KL006_TimeOut_Translucent_TrNum7,KL006G-KL006R,Training Partner,translucent,True
coop,2024-05-01,0.001939738781844,/gpfs/radev/pi/saxena/aj764/PairedTestingSessions/050124_KL006_TimeOut_Translucent/Behavioral/processed/lever/050124_Cam3_TrNum5_Coop_KL006G-KL006R_lever.csv,050124_KL006_TimeOut_Translucent_TrNum5,KL006G-KL006R,Training Partner,translucent,True
coop,2024-05-03,0.0004864338990379,/gpfs/radev/pi/saxena/aj764/PairedTestingSessions/050324_KL002_TimeOut_Opaque/Behavioral/processed/lever/050324_Cam1_TrNum9_Coop_KL002B-KL002Y_lever.csv,050324_KL002_TimeOut_Opaque_TrNum9,KL002B-KL002Y,Training Partner,opaque,True
coop,2024-05-03,0.0002796420581655,/gpfs/radev/pi/saxena/aj764/PairedTestingSessions/050324_KL002_TimeOut_Opaque/Behavioral/processed/lever/050324_Cam1_TrNum11_Coop_KL002B-KL002Y_lever.csv,050324_KL002_TimeOut_Opaque_TrNum11,KL002B-KL002Y,Training Partner,opaque,True
coop,2024-05-05,0.0031675163655012,/gpfs/radev/pi/saxena/aj764/PairedTestingSessions/050524_KL005_TimeOut_Translucent/Behavioral/processed/lever/050524_Cam4_TrNum5_Coop_KL005Y-KL005B_lever.csv,050524_KL005_TimeOut_Translucent_TrNum5,KL005B-KL005Y,Training Partner,translucent,True
coop,2024-05-05,0.0082084225553176,/gpfs/radev/pi/saxena/aj764/PairedTestingSessions/050524_KL005_TimeOut_Translucent/Behavioral/processed/lever/050524_Cam4_TrNum8_Coop_KL005Y-KL005B_lever.csv,050524_KL005_TimeOut_Translucent_TrNum8,KL005B-KL005Y,Training Partner,translucent,True
coop,2024-05-05,0.0005289885738468,/gpfs/radev/pi/saxena/aj764/PairedTestingSessions/050524_KL006_TimeOut_Opaque/Behavioral/processed/lever/050524_Cam3_TrNum7_Coop_KL006G-KL006R_lever.csv,050524_KL006_TimeOut_Opaque_TrNum7,KL006G-KL006R,Training Partner,opaque,True
coop,2024-05-05,0.0004118333447731,/gpfs/radev/pi/saxena/aj764/PairedTestingSessions/050524_KL006_TimeOut_Opaque/Behavioral/processed/lever/050524_Cam3_TrNum10_Coop_KL006G-KL006R_lever.csv,050524_KL006_TimeOut_Opaque_TrNum10,KL006G-KL006R,Training Partner,opaque,True
coop,2024-05-13,0.0018760659465605,/gpfs/radev/pi/saxena/aj764/PairedTestingSessions/051324_EB001R-031B-033Y_TimeOut_VEH/Behavioral/processed/lever/051324_Cam1_TrNum11_Coop_EB001R-EB031B_lever.csv,051324_EB001R-031B-033Y_TimeOut_VEH_TrNum11,EB001R-EB031B,Training Partner,transparent,False
coop,2024-05-13,0.0240443269621797,/gpfs/radev/pi/saxena/aj764/PairedTestingSessions/051324_EB007R-005Y-009B_TimeOut_VEH/Behavioral/processed/lever/051324_Cam2_TrNum11_Coop_EB007R-EB009B_lever.csv,051324_EB007R-005Y-009B_TimeOut_VEH_TrNum11,EB007R-EB009B,Unfamiliar,transparent,False
coop,2024-05-13,0.0017256999870572,/gpfs/radev/pi/saxena/aj764/PairedTestingSessions/051324_EB015R-011Y-003B_TimeOut_VEH/Behavioral/processed/lever/051324_Cam3_TrNum8_Coop_EB015R-EB011Y_lever.csv,051324_EB015R-011Y-003B_TimeOut_VEH_TrNum8,EB011Y-EB015R,Training Partner,transparent,False
coop,2024-05-13,0.0081824404206334,/gpfs/radev/pi/saxena/aj764/PairedTestingSessions/051324_EB015R-011Y-003B_TimeOut_VEH/Behavioral/processed/lever/051324_Cam3_TrNum12_Coop_EB015R-EB003B_lever.csv,051324_EB015R-011Y-003B_TimeOut_VEH_TrNum12,EB003B-EB015R,Unfamiliar,transparent,False
coop,2024-05-13,0.0054920309255135,/gpfs/radev/pi/saxena/aj764/PairedTestingSessions/051324_EB021R-023B-027Y_TimeOut_VEH/Behavioral/processed/lever/051324_Cam4_TrNum7_Coop_EB021R-EB023B_lever.csv,051324_EB021R-023B-027Y_TimeOut_VEH_TrNum7,EB021R-EB023B,Training Partner,transparent,False
coop,2024-05-14,0.0082225778767425,/gpfs/radev/pi/saxena/aj764/PairedTestingSessions/051424_EB011Y-015R-003B_TimeOut_VEH/Behavioral/processed/lever/051424_Cam1_TrNum7_Coop_EB011Y-EB003B_lever.csv,051424_EB011Y-015R-003B_TimeOut_VEH_TrNum7,EB003B-EB011Y,Unfamiliar,transparent,False
coop,2024-05-14,0.0017602151813614,/gpfs/radev/pi/saxena/aj764/PairedTestingSessions/051424_EB011Y-015R-003B_TimeOut_VEH/Behavioral/processed/lever/051424_Cam1_TrNum10_Coop_EB011Y-EB015R_lever.csv,051424_EB011Y-015R-003B_TimeOut_VEH_TrNum10,EB011Y-EB015R,Training Partner,transparent,False
coop,2024-05-14,0.006595744680851,/gpfs/radev/pi/saxena/aj764/PairedTestingSessions/051424_EB023B-021R-027Y_TimeOut_VEH/Behavioral/processed/lever/051424_Cam2_TrNum7_Coop_EB023B-EB021R_lever.csv,051424_EB023B-021R-027Y_TimeOut_VEH_TrNum7,EB021R-EB023B,Training Partner,transparent,False
coop,2024-05-14,0.0094655384780163,/gpfs/radev/pi/saxena/aj764/PairedTestingSessions/051424_EB023B-021R-027Y_TimeOut_VEH/Behavioral/processed/lever/051424_Cam2_TrNum10_Coop_EB023B-EB027Y_lever.csv,051424_EB023B-021R-027Y_TimeOut_VEH_TrNum10,EB023B-EB027Y,Unfamiliar,transparent,False
coop,2024-05-14,0.0545927968141438,/gpfs/radev/pi/saxena/aj764/PairedTestingSessions/051424_EB031B-001R-033Y_TimeOut_VEH/Behavioral/processed/lever/051424_Cam3_TrNum7_Coop_EB031B-EB033Y_lever.csv,051424_EB031B-001R-033Y_TimeOut_VEH_TrNum7,EB031B-EB033Y,Unfamiliar,transparent,False
coop,2024-05-14,0.0028060558600887,/gpfs/radev/pi/saxena/aj764/PairedTestingSessions/051424_EB031B-001R-033Y_TimeOut_VEH/Behavioral/processed/lever/051424_Cam3_TrNum11_Coop_EB031B-EB001R_lever.csv,051424_EB031B-001R-033Y_TimeOut_VEH_TrNum11,EB001R-EB031B,Training Partner,transparent,False
coop,2024-05-15,0.0029012948937209,/gpfs/radev/pi/saxena/aj764/PairedTestingSessions/051524_EB001R-031B-019Y_TimeOut_VEH/Behavioral/processed/lever/051524_Cam1_TrNum11_Coop_EB001R-EB031B_lever.csv,051524_EB001R-031B-019Y_TimeOut_VEH_TrNum11,EB001R-EB031B,Training Partner,transparent,False
coop,2024-05-15,0.0470508196367249,/gpfs/radev/pi/saxena/aj764/PairedTestingSessions/051524_EB001R-031B-019Y_TimeOut_VEH/Behavioral/processed/lever/051524_Cam1_TrNum7_Coop_EB001R-EB019Y_lever.csv,051524_EB001R-031B-019Y_TimeOut_VEH_TrNum7,EB001R-EB019Y,Unfamiliar,transparent,False
coop,2024-05-15,0.00424960159985,/gpfs/radev/pi/saxena/aj764/PairedTestingSessions/051524_EB007R-005Y-027Y_TimeOut_VEH/Behavioral/processed/lever/051524_Cam2_TrNum11_Coop_EB007R-EB027Y_lever.csv,051524_EB007R-005Y-027Y_TimeOut_VEH_TrNum11,EB007R-EB027Y,Unfamiliar,transparent,False
coop,2024-05-15,0.033834667355194,/gpfs/radev/pi/saxena/aj764/PairedTestingSessions/051524_EB015R-011Y_033Y_TimeOut_VEH/Behavioral/processed/lever/051524_Cam3_TrNum12_Coop_EB015R-EB033Y_lever.csv,051524_EB015R-011Y_033Y_TimeOut_VEH_TrNum12,EB015R-EB033Y,Unfamiliar,transparent,False
coop,2024-05-15,0.0001220703125,/gpfs/radev/pi/saxena/aj764/PairedTestingSessions/051524_EB015R-011Y_033Y_TimeOut_VEH/Behavioral/processed/lever/051524_Cam3_TrNum8_Coop_EB015R-EB011Y_lever.csv,051524_EB015R-011Y_033Y_TimeOut_VEH_TrNum8,EB011Y-EB015R,Training Partner,transparent,False
coop,2024-05-15,0.0034194119042996,/gpfs/radev/pi/saxena/aj764/PairedTestingSessions/051524_EB021R-023B-009B_TimeOut_VEH/Behavioral/processed/lever/051524_Cam4_TrNum7_Coop_EB021R-EB023B_lever.csv,051524_EB021R-023B-009B_TimeOut_VEH_TrNum7,EB021R-EB023B,Training Partner,transparent,False
coop,2024-05-15,0.024562062062062,/gpfs/radev/pi/saxena/aj764/PairedTestingSessions/051524_EB021R-023B-009B_TimeOut_VEH/Behavioral/processed/lever/051524_Cam4_TrNum9_Coop_EB021R-EB009B_lever.csv,051524_EB021R-023B-009B_TimeOut_VEH_TrNum9,EB009B-EB021R,Unfamiliar,transparent,False
coop,2024-05-20,0.0273003033367037,/gpfs/radev/pi/saxena/aj764/PairedTestingSessions/052024_EB031B-001R-EB019Y_TimeOut_VEH_BAD/Behavioral/processed/lever/052024_Cam3_TrNum7_Coop_EB031B-EB019Y_lever.csv,052024_EB031B-001R-EB019Y_TimeOut_VEH_BAD_TrNum7,EB019Y-EB031B,Unfamiliar,transparent,False
coop,2024-05-23,0.0046127629568691,/gpfs/radev/pi/saxena/aj764/PairedTestingSessions/052324_EB007R-005Y-033Y_TimeOut_VEH/Behavioral/processed/lever/052324_Cam3_TrNum10_Coop_EB007R-EB005Y_lever.csv,052324_EB007R-005Y-033Y_TimeOut_VEH_TrNum10,EB005Y-EB007R,Training Partner,transparent,False
coop,2024-05-23,0.0507902201810077,/gpfs/radev/pi/saxena/aj764/PairedTestingSessions/052324_EB007R-005Y-033Y_TimeOut_VEH/Behavioral/processed/lever/052324_Cam3_TrNum12_Coop_EB007R-EB033Y_lever.csv,052324_EB007R-005Y-033Y_TimeOut_VEH_TrNum12,EB007R-EB033Y,Unfamiliar,transparent,False
coop,2024-05-23,0.0109398577279586,/gpfs/radev/pi/saxena/aj764/PairedTestingSessions/052324_EB015R-011Y_023B_TimeOut_VEH/Behavioral/processed/lever/052324_Cam2_TrNum7_Coop_EB015R-EB023B_lever.csv,052324_EB015R-011Y_023B_TimeOut_VEH_TrNum7,EB015R-EB023B,Unfamiliar,transparent,False
coop,2024-05-23,0.0018104572007917,/gpfs/radev/pi/saxena/aj764/PairedTestingSessions/052324_EB015R-011Y_023B_TimeOut_VEH/Behavioral/processed/lever/052324_Cam2_TrNum12_Coop_EB015R-EB011Y_lever.csv,052324_EB015R-011Y_023B_TimeOut_VEH_TrNum12,EB011Y-EB015R,Training Partner,transparent,False
coop,2024-05-23,0.0027672786177105,/gpfs/radev/pi/saxena/aj764/PairedTestingSessions/052324_EB029R-027Y-003B_TimeOut_VEH/Behavioral/processed/lever/052324_Cam4_TrNum12_Coop_EB029R-EB027Y_lever.csv,052324_EB029R-027Y-003B_TimeOut_VEH_TrNum12,EB027Y-EB029R,Training Partner,transparent,False
coop,2024-05-23,0.0080172987358616,/gpfs/radev/pi/saxena/aj764/PairedTestingSessions/052324_EB029R-027Y-003B_TimeOut_VEH/Behavioral/processed/lever/052324_Cam4_TrNum10_Coop_EB029R-EB003B_lever.csv,052324_EB029R-027Y-003B_TimeOut_VEH_TrNum10,EB003B-EB029R,Unfamiliar,transparent,False
coop,2024-05-28,0.0022234574763757,/gpfs/radev/pi/saxena/aj764/PairedTestingSessions/052824_EB005Y-007R-017B_TimeOut_VEH/Behavioral/processed/lever/052824_Cam1_TrNum10_Coop_EB005Y-EB007R_lever.csv,052824_EB005Y-007R-017B_TimeOut_VEH_TrNum10,EB005Y-EB007R,Training Partner,transparent,False
coop,2024-05-28,0.0111271036315323,/gpfs/radev/pi/saxena/aj764/PairedTestingSessions/052824_EB005Y-007R-017B_TimeOut_VEH/Behavioral/processed/lever/052824_Cam1_TrNum12_Coop_EB005Y-EB017B_lever.csv,052824_EB005Y-007R-017B_TimeOut_VEH_TrNum12,EB005Y-EB017B,Unfamiliar,transparent,False
coop,2024-05-28,0.0040784401363204,/gpfs/radev/pi/saxena/aj764/PairedTestingSessions/052824_EB011Y-015R-023B_TimeOut_VEH/Behavioral/processed/lever/052824_Cam4_TrNum9_Coop_EB011Y-EB023B_lever.csv,052824_EB011Y-015R-023B_TimeOut_VEH_TrNum9,EB011Y-EB023B,Unfamiliar,transparent,False
coop,2024-05-28,0.0017144716423887,/gpfs/radev/pi/saxena/aj764/PairedTestingSessions/052824_EB011Y-015R-023B_TimeOut_VEH/Behavioral/processed/lever/052824_Cam4_TrNum12_Coop_EB011Y-EB015R_lever.csv,052824_EB011Y-015R-023B_TimeOut_VEH_TrNum12,EB011Y-EB015R,Training Partner,transparent,False
coop,2024-05-28,0.0016745099171406,/gpfs/radev/pi/saxena/aj764/PairedTestingSessions/052824_EB027Y-029R-003B_TimeOut_VEH/Behavioral/processed/lever/052824_Cam2_TrNum11_Coop_EB027Y-EB029R_lever.csv,052824_EB027Y-029R-003B_TimeOut_VEH_TrNum11,EB027Y-EB029R,Training Partner,transparent,False
coop,2024-05-28,0.0082138176717057,/gpfs/radev/pi/saxena/aj764/PairedTestingSessions/052824_EB027Y-029R-003B_TimeOut_VEH/Behavioral/processed/lever/052824_Cam2_TrNum9_Coop_EB027Y-EB003B_lever.csv,052824_EB027Y-029R-003B_TimeOut_VEH_TrNum9,EB003B-EB027Y,Unfamiliar,transparent,False
coop,2024-05-28,0.0410802544382632,/gpfs/radev/pi/saxena/aj764/PairedTestingSessions/052824_EB031B-001R-019Y_TimeOut_VEH/Behavioral/processed/lever/052824_Cam3_TrNum12_Coop_EB031B-EB019Y_lever.csv,052824_EB031B-001R-019Y_TimeOut_VEH_TrNum12,EB019Y-EB031B,Unfamiliar,transparent,False
coop,2024-05-28,0.001130994269629,/gpfs/radev/pi/saxena/aj764/PairedTestingSessions/052824_EB031B-001R-019Y_TimeOut_VEH/Behavioral/processed/lever/052824_Cam3_TrNum10_Coop_EB031B-EB001R_lever.csv,052824_EB031B-001R-019Y_TimeOut_VEH_TrNum10,EB001R-EB031B,Training Partner,transparent,False
coop,2024-09-03,0.0030792199309508,/gpfs/radev/pi/saxena/aj764/PairedTestingSessions/090324_FiberPho_KL002B-KL003_TimeOut/Behavioral/processed/lever/090324_Cam1_TrNum14_Coop_KL002B-KL002Y_lever.csv,090324_FiberPho_KL002B-KL003_TimeOut_TrNum14,KL002B-KL002Y,Training Partner,transparent,True
coop,2024-09-09,0.0007471530890915,/gpfs/radev/pi/saxena/aj764/PairedTestingSessions/090924_FiberPho_KL007G-KL002_TimeOut/Behavioral/processed/lever/090924_Cam1_TrNum10_Coop_KL007G-KL002Y_lever.csv,090924_FiberPho_KL007G-KL002_TimeOut_TrNum10,KL002Y-KL007G,Unfamiliar,transparent,True
coop,2024-09-09,0.0022019648301561,/gpfs/radev/pi/saxena/aj764/PairedTestingSessions/090924_FiberPho_KL007G-KL002_TimeOut/Behavioral/processed/lever/090924_Cam1_TrNum8_Coop_KL007G-KL007Y_lever.csv,090924_FiberPho_KL007G-KL002_TimeOut_TrNum8,KL007G-KL007Y,Training Partner,transparent,True
coop,2024-09-09,0.0027109689976365,/gpfs/radev/pi/saxena/aj764/PairedTestingSessions/090924_FiberPho_KL008B-KL003_TimeOut/Behavioral/processed/lever/090924_Cam2_TrNum14_Coop_KL008B-KL002Y_lever.csv,090924_FiberPho_KL008B-KL003_TimeOut_TrNum14,KL002Y-KL008B,Unfamiliar,transparent,True
coop,2024-09-10,0.0029956514736672,/gpfs/radev/pi/saxena/aj764/PairedTestingSessions/091024_FiberPho_KL007Y-KL002_TimeOut/Behavioral/processed/lever/091024_Cam1_TrNum8_Coop_KL007Y-KL007G_lever.csv,091024_FiberPho_KL007Y-KL002_TimeOut_TrNum8,KL007G-KL007Y,Training Partner,transparent,True
coop,2024-09-10,0.0033062482488091,/gpfs/radev/pi/saxena/aj764/PairedTestingSessions/091024_FiberPho_KL007Y-KL002_TimeOut/Behavioral/processed/lever/091024_Cam1_TrNum14_Coop_KL007Y-KL002B_lever.csv,091024_FiberPho_KL007Y-KL002_TimeOut_TrNum14,KL002B-KL007Y,Unfamiliar,transparent,True
coop,2024-09-11,0.0015307766677408,/gpfs/radev/pi/saxena/aj764/PairedTestingSessions/091124_FiberPho_KL002Y-KL005_TimeOut/Behavioral/processed/lever/091124_Cam1_TrNum8_Coop_KL002Y-KL002B_lever.csv,091124_FiberPho_KL002Y-KL005_TimeOut_TrNum8,KL002B-KL002Y,Training Partner,transparent,True
coop,2024-09-11,0.0112866248456906,/gpfs/radev/pi/saxena/aj764/PairedTestingSessions/091124_FiberPho_KL002Y-KL005_TimeOut/Behavioral/processed/lever/091124_Cam1_TrNum14_Coop_KL002Y-KL005B_lever.csv,091124_FiberPho_KL002Y-KL005_TimeOut_TrNum14,KL002Y-KL005B,Unfamiliar,transparent,True
coop,2024-09-12,0.0006948733786287,/gpfs/radev/pi/saxena/aj764/PairedTestingSessions/091224_FiberPho_KL002B-KL005_TimeOut_NoTTL/Behavioral/processed/lever/091224_Cam1_TrNum14_Coop_KL002B-KL002Y_lever.csv,091224_FiberPho_KL002B-KL005_TimeOut_NoTTL_TrNum14,KL002B-KL002Y,Training Partner,transparent,True
coop,2024-09-12,0.0030737704918032,/gpfs/radev/pi/saxena/aj764/PairedTestingSessions/091224_FiberPho_KL002B-KL005_TimeOut_NoTTL/Behavioral/processed/lever/091224_Cam1_TrNum8_Coop_KL002B-KL005Y_lever.csv,091224_FiberPho_KL002B-KL005_TimeOut_NoTTL_TrNum8,KL002B-KL005Y,Unfamiliar,transparent,True
coop,2024-09-13,0.0021347565043362,/gpfs/radev/pi/saxena/aj764/PairedTestingSessions/091324_FiberPho_KL005Y_KL007_TimeOut/Behavioral/processed/lever/091324_Cam2_TrNum10_Coop_KL005Y-KL005B_lever.csv,091324_FiberPho_KL005Y_KL007_TimeOut_TrNum10,KL005B-KL005Y,Training Partner,transparent,True
coop,2024-09-13,0.0015262515262515,/gpfs/radev/pi/saxena/aj764/PairedTestingSessions/091324_FiberPho_KL006G-KL002_TimeOut/Behavioral/processed/lever/091324_Cam1_TrNum8_Coop_KL006G-KL006R_lever.csv,091324_FiberPho_KL006G-KL002_TimeOut_TrNum8,KL006G-KL006R,Training Partner,transparent,True
coop,2024-09-13,0.0034849596478356,/gpfs/radev/pi/saxena/aj764/PairedTestingSessions/091324_FiberPho_KL006G-KL002_TimeOut/Behavioral/processed/lever/091324_Cam1_TrNum12_Coop_KL006G-KL002Y_lever.csv,091324_FiberPho_KL006G-KL002_TimeOut_TrNum12,KL002Y-KL006G,Unfamiliar,transparent,True
coop,2024-09-16,0.0016037503084135,/gpfs/radev/pi/saxena/aj764/PairedTestingSessions/091624_FiberPho_KL003B-KL005_TimeOut/Behavioral/processed/lever/091624_Cam2_TrNum8_Coop_KL003B-KL005Y_lever.csv,091624_FiberPho_KL003B-KL005_TimeOut_TrNum8,KL003B-KL005Y,Unfamiliar,transparent,True
coop,2024-09-16,0.0003812987622455,/gpfs/radev/pi/saxena/aj764/PairedTestingSessions/091624_FiberPho_KL006G-KL007_TimeOut/Behavioral/processed/lever/091624_Cam1_TrNum14_Coop_KL006G-KL007Y_lever.csv,091624_FiberPho_KL006G-KL007_TimeOut_TrNum14,KL006G-KL007Y,Unfamiliar,transparent,True
coop,2024-09-16,0.0008903467666354,/gpfs/radev/pi/saxena/aj764/PairedTestingSessions/091624_FiberPho_KL006G-KL007_TimeOut/Behavioral/processed/lever/091624_Cam1_TrNum8_Coop_KL006G-KL006R_lever.csv,091624_FiberPho_KL006G-KL007_TimeOut_TrNum8,KL006G-KL006R,Training Partner,transparent,True
coop,2024-09-16,0.0010631677211907,/gpfs/radev/pi/saxena/aj764/PairedTestingSessions/091624_FiberPho_KL006G-KL007_TimeOut/Behavioral/processed/lever/091624_Cam1_TrNum12_Coop_KL006G-KL005Y_lever.csv,091624_FiberPho_KL006G-KL007_TimeOut_TrNum12,KL005Y-KL006G,Unfamiliar,transparent,True
coop,2024-09-17,0.0019032963472908,/gpfs/radev/pi/saxena/aj764/PairedTestingSessions/091724_FiberPho_KL003G-KL006_TimeOut/Behavioral/processed/lever/091724_Cam1_TrNum10_Coop_KL003G-KL002Y_lever.csv,091724_FiberPho_KL003G-KL006_TimeOut_TrNum10,KL002Y-KL003G,Unfamiliar,transparent,True
coop,2024-09-17,0.0013631752472736,/gpfs/radev/pi/saxena/aj764/PairedTestingSessions/091724_FiberPho_KL003G-KL006_TimeOut/Behavioral/processed/lever/091724_Cam1_TrNum8_Coop_KL003G-KL006R_lever.csv,091724_FiberPho_KL003G-KL006_TimeOut_TrNum8,KL003G-KL006R,Unfamiliar,transparent,True
coop,2024-09-17,0.001848851950979,/gpfs/radev/pi/saxena/aj764/PairedTestingSessions/091724_FiberPho_KL004G-KL002_TimeOut/Behavioral/processed/lever/091724_Cam2_TrNum14_Coop_KL004G-KL002Y_lever.csv,091724_FiberPho_KL004G-KL002_TimeOut_TrNum14,KL002Y-KL004G,Unfamiliar,transparent,True
coop,2024-09-17,0.0049095957201869,/gpfs/radev/pi/saxena/aj764/PairedTestingSessions/091724_FiberPho_KL004G-KL002_TimeOut/Behavioral/processed/lever/091724_Cam2_TrNum11_Coop_KL004G-KL006R_lever.csv,091724_FiberPho_KL004G-KL002_TimeOut_TrNum11,KL004G-KL006R,Unfamiliar,transparent,True
coop,2024-09-18,0.0010610783208435,/gpfs/radev/pi/saxena/aj764/PairedTestingSessions/091824_FiberPho_KL006G-KL003_TimeOut/Behavioral/processed/lever/091824_Cam1_TrNum8_Coop_KL006G-KL006R_lever.csv,091824_FiberPho_KL006G-KL003_TimeOut_TrNum8,KL006G-KL006R,Training Partner,transparent,True
coop,2024-09-19,0.0032084001750036,/gpfs/radev/pi/saxena/aj764/PairedTestingSessions/091924_FiberPho_KL003B-KL004_TimeOut/Behavioral/processed/lever/091924_Cam1_TrNum8_Coop_KL003B-KL001Y_lever.csv,091924_FiberPho_KL003B-KL004_TimeOut_TrNum8,KL001Y-KL003B,Unfamiliar,transparent,True
coop,2024-09-24,0.0031107690334167,/gpfs/radev/pi/saxena/aj764/PairedTestingSessions/092424_FiberPho_KL002B-KL001_TimeOut/Behavioral/processed/lever/092424_Cam1_TrNum8_Coop_KL002B-KL002Y_lever.csv,092424_FiberPho_KL002B-KL001_TimeOut_TrNum8,KL002B-KL002Y,Training Partner,transparent,True
coop,2024-09-24,0.0071754865355332,/gpfs/radev/pi/saxena/aj764/PairedTestingSessions/092424_FiberPho_KL002B-KL001_TimeOut/Behavioral/processed/lever/092424_Cam1_TrNum14_Coop_KL002B-KL006R_lever.csv,092424_FiberPho_KL002B-KL001_TimeOut_TrNum14,KL002B-KL006R,Unfamiliar,transparent,True
coop,2024-09-24,0.0015678369449577,/gpfs/radev/pi/saxena/aj764/PairedTestingSessions/092424_FiberPho_KL005Y-KL008_TimeOut/Behavioral/processed/lever/092424_Cam2_TrNum14_Coop_KL005Y-KL005B_lever.csv,092424_FiberPho_KL005Y-KL008_TimeOut_TrNum14,KL005B-KL005Y,Training Partner,transparent,True
coop,2024-09-25,0.0038099506947557,/gpfs/radev/pi/saxena/aj764/PairedTestingSessions/092524_FiberPho_KL005Y-KL003_2X_TimeOut/Behavioral/processed/lever/092524_Cam1_TrNum10_Coop_KL005Y-KL005B_lever.csv,092524_FiberPho_KL005Y-KL003_2X_TimeOut_TrNum10,KL005B-KL005Y,Training Partner,transparent,True
coop,2024-09-25,0.0016463717693836,/gpfs/radev/pi/saxena/aj764/PairedTestingSessions/092524_FiberPho_KL006G-KL002_2X_TimeOut/Behavioral/processed/lever/092524_Cam2_TrNum14_Coop_KL006G-KL002Y_lever.csv,092524_FiberPho_KL006G-KL002_2X_TimeOut_TrNum14,KL002Y-KL006G,Unfamiliar,transparent,True
coop,2024-09-25,0.0001342101731311,/gpfs/radev/pi/saxena/aj764/PairedTestingSessions/092524_FiberPho_KL006G-KL002_2X_TimeOut/Behavioral/processed/lever/092524_Cam2_TrNum12_Coop_KL006G-KL006R_lever.csv,092524_FiberPho_KL006G-KL002_2X_TimeOut_TrNum12,KL006G-KL006R,Training Partner,transparent,True
coop,2024-09-26,0.0122426372283127,/gpfs/radev/pi/saxena/aj764/PairedTestingSessions/092624_FiberPho_KL002B-KL006_2X_TimeOut/Behavioral/processed/lever/092624_Cam2_TrNum14_Coop_KL002B-KL006R_lever.csv,092624_FiberPho_KL002B-KL006_2X_TimeOut_TrNum14,KL002B-KL006R,Unfamiliar,transparent,True
coop,2024-09-26,0.0015494867325198,/gpfs/radev/pi/saxena/aj764/PairedTestingSessions/092624_FiberPho_KL002B-KL006_2X_TimeOut/Behavioral/processed/lever/092624_Cam2_TrNum12_Coop_KL002B-KL002Y_lever.csv,092624_FiberPho_KL002B-KL006_2X_TimeOut_TrNum12,KL002B-KL002Y,Training Partner,transparent,True
coop,2024-09-26,0.0035060714896528,/gpfs/radev/pi/saxena/aj764/PairedTestingSessions/092624_FiberPho_KL003B-KL005_2X_TimeOut/Behavioral/processed/lever/092624_Cam1_TrNum12_Coop_KL003B-KL001Y_lever.csv,092624_FiberPho_KL003B-KL005_2X_TimeOut_TrNum12,KL001Y-KL003B,Unfamiliar,transparent,True
coop,2024-09-26,0.0051914976981095,/gpfs/radev/pi/saxena/aj764/PairedTestingSessions/092624_FiberPho_KL003B-KL005_2X_TimeOut/Behavioral/processed/lever/092624_Cam1_TrNum10_Coop_KL003B-KL005Y_lever.csv,092624_FiberPho_KL003B-KL005_2X_TimeOut_TrNum10,KL003B-KL005Y,Unfamiliar,transparent,True
coop,2024-09-27,0.00219120272683,/gpfs/radev/pi/saxena/aj764/PairedTestingSessions/092724_FiberPho_KL007Y_KL003_TimeOut/Behavioral/processed/lever/092724_Cam2_TrNum11_Coop_KL007Y-KL003G_lever.csv,092724_FiberPho_KL007Y_KL003_TimeOut_TrNum11,KL003G-KL007Y,Unfamiliar,transparent,True
coop,2024-09-27,0.0010833545755799,/gpfs/radev/pi/saxena/aj764/PairedTestingSessions/092724_FiberPho_KL007Y_KL003_TimeOut/Behavioral/processed/lever/092724_Cam2_TrNum15_Coop_KL007Y-KL003B_lever.csv,092724_FiberPho_KL007Y_KL003_TimeOut_TrNum15,KL003B-KL007Y,Unfamiliar,transparent,True
coop,2024-09-27,0.0018331075157408,/gpfs/radev/pi/saxena/aj764/PairedTestingSessions/092724_FiberPho_KL008G_KL002_TimeOut/Behavioral/processed/lever/092724_Cam1_TrNum9_Coop_KL008G-KL006R_lever.csv,092724_FiberPho_KL008G_KL002_TimeOut_TrNum9,KL006R-KL008G,Unfamiliar,transparent,True
coop,2024-09-30,0.0005509162607283,/gpfs/radev/pi/saxena/aj764/PairedTestingSessions/093024_FiberPho_KL004G-KL001_TimeOut/Behavioral/processed/lever/093024_Cam2_TrNum13_Coop_KL004G-KL001Y_lever.csv,093024_FiberPho_KL004G-KL001_TimeOut_TrNum13,KL001Y-KL004G,Unfamiliar,transparent,True
coop,2024-09-30,0.0009080661322645,/gpfs/radev/pi/saxena/aj764/PairedTestingSessions/093024_FiberPho_KL007Y_KL003_2X_TimeOut/Behavioral/processed/lever/093024_Cam1_TrNum9_Coop_KL007Y-KL003G_lever.csv,093024_FiberPho_KL007Y_KL003_2X_TimeOut_TrNum9,KL003G-KL007Y,Unfamiliar,transparent,True
coop,2024-09-30,0.0029706513958482,/gpfs/radev/pi/saxena/aj764/PairedTestingSessions/093024_FiberPho_KL007Y_KL003_2X_TimeOut/Behavioral/processed/lever/093024_Cam1_TrNum14_Coop_KL007Y-KL003B_lever.csv,093024_FiberPho_KL007Y_KL003_2X_TimeOut_TrNum14,KL003B-KL007Y,Unfamiliar,transparent,True
coop,2024-10-02,0.0006863417982155,/gpfs/radev/pi/saxena/aj764/PairedTestingSessions/100224_FiberPho_KL002Y-KL003_TimeOut/Behavioral/processed/lever/100224_Cam2_TrNum12_Coop_KL002Y-KL002B_lever.csv,100224_FiberPho_KL002Y-KL003_TimeOut_TrNum12,KL002B-KL002Y,Training Partner,transparent,True
coop,2024-10-02,0.0004096834264432,/gpfs/radev/pi/saxena/aj764/PairedTestingSessions/100224_FiberPho_KL002Y-KL003_TimeOut/Behavioral/processed/lever/100224_Cam2_TrNum10_Coop_KL002Y-KL003B_lever.csv,100224_FiberPho_KL002Y-KL003_TimeOut_TrNum10,KL002Y-KL003B,Unfamiliar,transparent,True
coop,2024-10-02,0.000166411502363,/gpfs/radev/pi/saxena/aj764/PairedTestingSessions/100224_FiberPho_KL006G-KL008_TimeOut/Behavioral/processed/lever/100224_Cam1_TrNum12_Coop_KL006G-KL006R_lever.csv,100224_FiberPho_KL006G-KL008_TimeOut_TrNum12,KL006G-KL006R,Training Partner,transparent,True
coop,2024-10-03,0.0019542286682991,/gpfs/radev/pi/saxena/aj764/PairedTestingSessions/100324_FiberPho_KL002B_TimeOut_Opaque/Behavioral/processed/lever/100324_Cam1_TrNum5_Coop_KL002B-KL002Y_lever.csv,100324_FiberPho_KL002B_TimeOut_Opaque_TrNum5,KL002B-KL002Y,Training Partner,opaque,True
coop,2024-10-03,0.0022511692966735,/gpfs/radev/pi/saxena/aj764/PairedTestingSessions/100324_FiberPho_KL005Y_TimeOut_Opaque/Behavioral/processed/lever/100324_Cam1_TrNum6_Coop_KL005Y-KL005B_lever.csv,100324_FiberPho_KL005Y_TimeOut_Opaque_TrNum6,KL005B-KL005Y,Training Partner,opaque,True
coop,2024-10-03,5.911912503694945e-05,/gpfs/radev/pi/saxena/aj764/PairedTestingSessions/100324_FiberPho_KL006G_TimeOut_Opaque/Behavioral/processed/lever/100324_Cam2_TrNum6_Coop_KL006G-KL006R_lever.csv,100324_FiberPho_KL006G_TimeOut_Opaque_TrNum6,KL006G-KL006R,Training Partner,opaque,True
coop,2024-04-01,0.0155094969702195,/gpfs/radev/pi/saxena/aj764/Training_COOPERATION/040124/Behavioral/processed/lever/040124_COOPTRAIN_LARGEARENA_KL005B-KL005Y_Camera1_lever.csv,040124_TrNum1,KL005B-KL005Y,Training Partner,transparent,True
coop,2024-04-01,0.0235286411423705,/gpfs/radev/pi/saxena/aj764/Training_COOPERATION/040124/Behavioral/processed/lever/040124_COOPTRAIN_LARGEARENA_KL002B-KL002Y_Camera2_lever.csv,040124_TrNum2,KL002B-KL002Y,Training Partner,transparent,True
coop,2024-04-01,0.0121037441738432,/gpfs/radev/pi/saxena/aj764/Training_COOPERATION/040124/Behavioral/processed/lever/040124_COOPTRAIN_LARGEARENA_KL006R-KL006G_Camera2_lever.csv,040124_TrNum2,KL006G-KL006R,Training Partner,transparent,True
coop,2024-04-01,0.0151122709939891,/gpfs/radev/pi/saxena/aj764/Training_COOPERATION/040124/Behavioral/processed/lever/040124_COOPTRAIN_LARGEARENA_KL004R-KL004G_Camera4_lever.csv,040124_TrNum4,KL004G-KL004R,Training Partner,transparent,True
coop,2024-04-02,0.0076223464382382,/gpfs/radev/pi/saxena/aj764/Training_COOPERATION/040224/Behavioral/processed/lever/040224_COOPTRAIN_LARGEARENA_KL002B-KL002Y_Camera2_lever.csv,040224_TrNum2,KL002B-KL002Y,Training Partner,transparent,True
coop,2024-04-02,0.0090004572291911,/gpfs/radev/pi/saxena/aj764/Training_COOPERATION/040224/Behavioral/processed/lever/040224_COOPTRAIN_LARGEARENA_KL004R-KL004G_Camera4_lever.csv,040224_TrNum4,KL004G-KL004R,Training Partner,transparent,True
coop,2024-04-02,0.0162464602908997,/gpfs/radev/pi/saxena/aj764/Training_COOPERATION/040224/Behavioral/processed/lever/040224_COOPTRAIN_LARGEARENA_KL005B-KL005Y_Camera1_lever.csv,040224_TrNum1,KL005B-KL005Y,Training Partner,transparent,True
coop,2024-04-02,0.0049883021390374,/gpfs/radev/pi/saxena/aj764/Training_COOPERATION/040224/Behavioral/processed/lever/040224_COOPTRAIN_LARGEARENA_KL006R-KL006G_Camera2_lever.csv,040224_TrNum2,KL006G-KL006R,Training Partner,transparent,True
coop,2024-04-02,0.0154765137116481,/gpfs/radev/pi/saxena/aj764/Training_COOPERATION/040224/Behavioral/processed/lever/040224_COOPTRAIN_LARGEARENA_KL001B-KL001Y_Camera1_lever.csv,040224_TrNum1,KL001B-KL001Y,Training Partner,transparent,True
coop,2024-04-03,0.0054872677929518,/gpfs/radev/pi/saxena/aj764/Training_COOPERATION/040324/Behavioral/processed/lever/040324_COOPTRAIN_LARGEARENA_KL006R-KL006G_Camera2_lever.csv,040324_TrNum2,KL006G-KL006R,Training Partner,transparent,True
coop,2024-04-03,0.0134640037784225,/gpfs/radev/pi/saxena/aj764/Training_COOPERATION/040324/Behavioral/processed/lever/040324_COOPTRAIN_LARGEARENA_KL002B-KL002Y_Camera2_lever.csv,040324_TrNum2,KL002B-KL002Y,Training Partner,transparent,True
coop,2024-04-03,0.0044322132097334,/gpfs/radev/pi/saxena/aj764/Training_COOPERATION/040324/Behavioral/processed/lever/040324_COOPTRAIN_LARGEARENA_KL004R-KL004G_Camera4_lever.csv,040324_TrNum4,KL004G-KL004R,Training Partner,transparent,True
coop,2024-04-03,0.0047298852044077,/gpfs/radev/pi/saxena/aj764/Training_COOPERATION/040324/Behavioral/processed/lever/040324_COOPTRAIN_LARGEARENA_KL005B-KL005Y_Camera1_lever.csv,040324_TrNum1,KL005B-KL005Y,Training Partner,transparent,True
coop,2024-04-04,0.0021113869909563,/gpfs/radev/pi/saxena/aj764/Training_COOPERATION/040424/Behavioral/processed/lever/040424_COOPTRAIN_LARGEARENA_KL005B-KL005Y_Camera1_lever.csv,040424_TrNum1,KL005B-KL005Y,Training Partner,transparent,True
coop,2024-04-04,0.0061526629494328,/gpfs/radev/pi/saxena/aj764/Training_COOPERATION/040424/Behavioral/processed/lever/040424_COOPTRAIN_LARGEARENA_KL006R-KL006G_Camera2_lever.csv,040424_TrNum2,KL006G-KL006R,Training Partner,transparent,True
coop,2024-04-05,0.0119840254018263,/gpfs/radev/pi/saxena/aj764/Training_COOPERATION/040524/Behavioral/processed/lever/040524_COOPTRAIN_LARGEARENA_KL005B-KL005Y_Camera1_lever.csv,040524_TrNum1,KL005B-KL005Y,Training Partner,transparent,True
coop,2024-04-05,0.011701211636632,/gpfs/radev/pi/saxena/aj764/Training_COOPERATION/040524/Behavioral/processed/lever/040524_COOPTRAIN_LARGEARENA_KL006R-KL006G_Camera2_lever.csv,040524_TrNum2,KL006G-KL006R,Training Partner,transparent,True
coop,2024-04-05,0.0021567510376821,/gpfs/radev/pi/saxena/aj764/Training_COOPERATION/040524/Behavioral/processed/lever/040524_COOPTRAIN_LARGEARENA_KL002B-KL002Y_Camera2_lever.csv,040524_TrNum2,KL002B-KL002Y,Training Partner,transparent,True
coop,2024-04-05,0.0021136779350992,/gpfs/radev/pi/saxena/aj764/Training_COOPERATION/040524/Behavioral/processed/lever/040524_COOPTRAIN_LARGEARENA_KL001B-KL001Y_Camera1_lever.csv,040524_TrNum1,KL001B-KL001Y,Training Partner,transparent,True
coop,2024-04-07,0.0040371851142239,/gpfs/radev/pi/saxena/aj764/Training_COOPERATION/040724/Behavioral/processed/lever/040724_COOPTRAIN_LARGEARENA_KL001B-KL001Y_Camera1_lever.csv,040724_TrNum1,KL001B-KL001Y,Training Partner,transparent,True
coop,2024-04-07,0.0038398996924161,/gpfs/radev/pi/saxena/aj764/Training_COOPERATION/040724/Behavioral/processed/lever/040724_COOPTRAIN_LARGEARENA_KL004R-KL004G_Camera4_lever.csv,040724_TrNum4,KL004G-KL004R,Training Partner,transparent,True
coop,2024-04-07,0.0087231501243367,/gpfs/radev/pi/saxena/aj764/Training_COOPERATION/040724/Behavioral/processed/lever/040724_COOPTRAIN_LARGEARENA_KL002B-KL002Y_Camera2_lever.csv,040724_TrNum2,KL002B-KL002Y,Training Partner,transparent,True
coop,2024-04-08,0.0030722373038469,/gpfs/radev/pi/saxena/aj764/Training_COOPERATION/040824/Behavioral/processed/lever/040824_COOPTRAIN_LARGEARENA_KL001B-KL001Y_Camera1_lever.csv,040824_TrNum1,KL001B-KL001Y,Training Partner,transparent,True
coop,2024-04-08,0.0132777461941759,/gpfs/radev/pi/saxena/aj764/Training_COOPERATION/040824/Behavioral/processed/lever/040824_COOPTRAIN_LARGEARENA_KL006R-KL006G_Camera2_lever.csv,040824_TrNum2,KL006G-KL006R,Training Partner,transparent,True
coop,2024-04-08,0.0028376317708678,/gpfs/radev/pi/saxena/aj764/Training_COOPERATION/040824/Behavioral/processed/lever/040824_COOPTRAIN_LARGEARENA_KL002B-KL002Y_Camera2_lever.csv,040824_TrNum2,KL002B-KL002Y,Training Partner,transparent,True
coop,2024-04-09,0.0067626607593378,/gpfs/radev/pi/saxena/aj764/Training_COOPERATION/040924/Behavioral/processed/lever/040924_COOPTRAIN_LARGEARENA_EB021R-EB023B_Camera3_lever.csv,040924_TrNum3,EB021R-EB023B,Training Partner,transparent,False
coop,2024-04-09,0.0070708687595042,/gpfs/radev/pi/saxena/aj764/Training_COOPERATION/040924/Behavioral/processed/lever/040924_COOPTRAIN_LARGEARENA_EB027Y-EB029R_Camera4_lever.csv,040924_TrNum4,EB027Y-EB029R,Training Partner,transparent,False
coop,2024-04-09,0.0101934167004807,/gpfs/radev/pi/saxena/aj764/Training_COOPERATION/040924/Behavioral/processed/lever/040924_COOPTRAIN_LARGEARENA_EB011Y-EB015R_Camera2_lever.csv,040924_TrNum2,EB011Y-EB015R,Training Partner,transparent,False
coop,2024-04-10,0.00920581118274,/gpfs/radev/pi/saxena/aj764/Training_COOPERATION/041024/Behavioral/processed/lever/041024_COOPTRAIN_LARGEARENA_EB009B-EB019Y_Camera2_lever.csv,041024_TrNum2,EB009B-EB019Y,Training Partner,transparent,False
coop,2024-04-10,0.017038127965963,/gpfs/radev/pi/saxena/aj764/Training_COOPERATION/041024/Behavioral/processed/lever/041024_COOPTRAIN_LARGEARENA_EB011Y-EB015R_Camera2_lever.csv,041024_TrNum2,EB011Y-EB015R,Training Partner,transparent,False
coop,2024-04-10,0.0373113296896728,/gpfs/radev/pi/saxena/aj764/Training_COOPERATION/041024/Behavioral/processed/lever/041024_COOPTRAIN_LARGEARENA_EB001R-EB003B_Camera1_lever.csv,041024_TrNum1,EB001R-EB003B,Training Partner,transparent,False
coop,2024-04-10,0.0088599578221609,/gpfs/radev/pi/saxena/aj764/Training_COOPERATION/041024/Behavioral/processed/lever/041024_COOPTRAIN_LARGEARENA_EB021R-EB023B_Camera3_lever.csv,041024_TrNum3,EB021R-EB023B,Training Partner,transparent,False
coop,2024-04-11,0.00899809612072,/gpfs/radev/pi/saxena/aj764/Training_COOPERATION/041124/Behavioral/processed/lever/041124_COOPTRAIN_LARGEARENA_EB005Y-EB007R_Camera2_lever.csv,041124_TrNum2,EB005Y-EB007R,Training Partner,transparent,False
coop,2024-04-11,0.050666955367267,/gpfs/radev/pi/saxena/aj764/Training_COOPERATION/041124/Behavioral/processed/lever/041124_COOPTRAIN_LARGEARENA_EB031B-EB033Y_Camera3_lever.csv,041124_TrNum3,EB031B-EB033Y,Training Partner,transparent,False
coop,2024-04-11,0.0108950434091526,/gpfs/radev/pi/saxena/aj764/Training_COOPERATION/041124/Behavioral/processed/lever/041124_COOPTRAIN_LARGEARENA_EB011Y-EB015R_Camera3_lever.csv,041124_TrNum3,EB011Y-EB015R,Training Partner,transparent,False
coop,2024-04-11,0.0085043620159417,/gpfs/radev/pi/saxena/aj764/Training_COOPERATION/041124/Behavioral/processed/lever/041124_COOPTRAIN_LARGEARENA_EB027Y-EB029R_Camera2_lever.csv,041124_TrNum2,EB027Y-EB029R,Training Partner,transparent,False
coop,2024-04-11,0.0111448170470939,/gpfs/radev/pi/saxena/aj764/Training_COOPERATION/041124/Behavioral/processed/lever/041124_COOPTRAIN_LARGEARENA_EB021R-EB023B_Camera1_lever.csv,041124_TrNum1,EB021R-EB023B,Training Partner,transparent,False
coop,2024-04-11,0.0430806767084064,/gpfs/radev/pi/saxena/aj764/Training_COOPERATION/041124/Behavioral/processed/lever/041124_COOPTRAIN_LARGEARENA_EB001R-EB003B_Camera1_lever.csv,041124_TrNum1,EB001R-EB003B,Training Partner,transparent,False
coop,2024-04-11,0.0110321502627181,/gpfs/radev/pi/saxena/aj764/Training_COOPERATION/041124/Behavioral/processed/lever/041124_COOPTRAIN_LARGEARENA_EB009B-EB019Y_Camera4_lever.csv,041124_TrNum4,EB009B-EB019Y,Training Partner,transparent,False
coop,2024-04-12,0.0082574420639054,/gpfs/radev/pi/saxena/aj764/Training_COOPERATION/041224/Behavioral/processed/lever/041224_COOPTRAIN_LARGEARENA_EB011Y-EB015R_Camera3_lever.csv,041224_TrNum3,EB011Y-EB015R,Training Partner,transparent,False
coop,2024-04-12,0.0263547969322298,/gpfs/radev/pi/saxena/aj764/Training_COOPERATION/041224/Behavioral/processed/lever/041224_COOPTRAIN_LARGEARENA_EB001R-EB003B_Camera1_lever.csv,041224_TrNum1,EB001R-EB003B,Training Partner,transparent,False
coop,2024-04-13,0.0241863256544019,/gpfs/radev/pi/saxena/aj764/Training_COOPERATION/041324/Behavioral/processed/lever/041324_COOPTRAIN_LARGEARENA_EB001R-EB003B_Camera1_lever.csv,041324_TrNum1,EB001R-EB003B,Training Partner,transparent,False
coop,2024-04-14,0.0113233174409579,/gpfs/radev/pi/saxena/aj764/Training_COOPERATION/041424/Behavioral/processed/lever/041424_COOPTRAIN_LARGEARENA_EB031B-EB033Y_Camera3_lever.csv,041424_TrNum3,EB031B-EB033Y,Training Partner,transparent,False
coop,2024-04-14,0.0182329228151928,/gpfs/radev/pi/saxena/aj764/Training_COOPERATION/041424/Behavioral/processed/lever/041424_COOPTRAIN_LARGEARENA_EB001R-EB003B_Camera1_lever.csv,041424_TrNum1,EB001R-EB003B,Training Partner,transparent,False
coop,2024-04-15,0.0162042357576752,/gpfs/radev/pi/saxena/aj764/Training_COOPERATION/041524/Behavioral/processed/lever/041524_COOPTRAIN_LARGEARENA_EB001R-EB003B_Camera1_lever.csv,041524_TrNum1,EB001R-EB003B,Training Partner,transparent,False
coop,2024-04-15,0.015370599366721,/gpfs/radev/pi/saxena/aj764/Training_COOPERATION/041524/Behavioral/processed/lever/041524_COOPTRAIN_LARGEARENA_EB031B-EB033Y_Camera3_lever.csv,041524_TrNum3,EB031B-EB033Y,Training Partner,transparent,False
coop,2024-04-15,0.0120693317080828,/gpfs/radev/pi/saxena/aj764/Training_COOPERATION/041524/Behavioral/processed/lever/041524_COOPTRAIN_LARGEARENA_EB011Y-EB015R_Camera2_lever.csv,041524_TrNum2,EB011Y-EB015R,Training Partner,transparent,False
coop,2024-04-15,0.0138599882808354,/gpfs/radev/pi/saxena/aj764/Training_COOPERATION/041524/Behavioral/processed/lever/041524_COOPTRAIN_LARGEARENA_EB021R-EB023B_Camera3_lever.csv,041524_TrNum3,EB021R-EB023B,Training Partner,transparent,False
coop,2024-04-16,0.0184532255139379,/gpfs/radev/pi/saxena/aj764/Training_COOPERATION/041624/Behavioral/processed/lever/041624_COOPTRAIN_LARGEARENA_EB011Y-EB015R_Camera2_lever.csv,041624_TrNum2,EB011Y-EB015R,Training Partner,transparent,False
coop,2024-04-16,0.0214251212524233,/gpfs/radev/pi/saxena/aj764/Training_COOPERATION/041624/Behavioral/processed/lever/041624_COOPTRAIN_LARGEARENA_EB021R-EB023B_Camera3_lever.csv,041624_TrNum3,EB021R-EB023B,Training Partner,transparent,False
coop,2024-04-16,0.0150166500954815,/gpfs/radev/pi/saxena/aj764/Training_COOPERATION/041624/Behavioral/processed/lever/041624_COOPTRAIN_LARGEARENA_EB031B-EB033Y_Camera3_lever.csv,041624_TrNum3,EB031B-EB033Y,Training Partner,transparent,False
coop,2024-04-16,0.0162460515925243,/gpfs/radev/pi/saxena/aj764/Training_COOPERATION/041624/Behavioral/processed/lever/041624_COOPTRAIN_LARGEARENA_EB001R-EB003B_Camera1_lever.csv,041624_TrNum1,EB001R-EB003B,Training Partner,transparent,False
coop,2024-04-16,0.0119217977766294,/gpfs/radev/pi/saxena/aj764/Training_COOPERATION/041624/Behavioral/processed/lever/041624_COOPTRAIN_LARGEARENA_EB027Y-EB029R_Camera4_lever.csv,041624_TrNum4,EB027Y-EB029R,Training Partner,transparent,False
coop,2024-04-17,0.007832020597897,/gpfs/radev/pi/saxena/aj764/Training_COOPERATION/041724/Behavioral/processed/lever/041724_COOPTRAIN_LARGEARENA_EB011Y-EB015R_Camera2_lever.csv,041724_TrNum2,EB011Y-EB015R,Training Partner,transparent,False
coop,2024-04-17,0.0077250687983226,/gpfs/radev/pi/saxena/aj764/Training_COOPERATION/041724/Behavioral/processed/lever/041724_COOPTRAIN_LARGEARENA_EB021R-EB023B_Camera3_lever.csv,041724_TrNum3,EB021R-EB023B,Training Partner,transparent,False
coop,2024-04-18,0.0121332131724941,/gpfs/radev/pi/saxena/aj764/Training_COOPERATION/041824/Behavioral/processed/lever/041824_COOPTRAIN_LARGEARENA_EB011Y-EB015R_Camera2_lever.csv,041824_TrNum2,EB011Y-EB015R,Training Partner,transparent,False
coop,2024-04-18,0.0039404625904402,/gpfs/radev/pi/saxena/aj764/Training_COOPERATION/041824/Behavioral/processed/lever/041824_COOPTRAIN_LARGEARENA_EB005Y-EB007R_Camera1_lever.csv,041824_TrNum1,EB005Y-EB007R,Training Partner,transparent,False
coop,2024-04-18,0.004847542312592,/gpfs/radev/pi/saxena/aj764/Training_COOPERATION/041824/Behavioral/processed/lever/041824_COOPTRAIN_LARGEARENA_EB021R-EB023B_Camera3_lever.csv,041824_TrNum3,EB021R-EB023B,Training Partner,transparent,False
coop,2024-04-18,0.0043275880633111,/gpfs/radev/pi/saxena/aj764/Training_COOPERATION/041824/Behavioral/processed/lever/041824_COOPTRAIN_LARGEARENA_EB027Y-EB029R_Camera4_lever.csv,041824_TrNum4,EB027Y-EB029R,Training Partner,transparent,False
coop,2024-04-18,0.0173994851138115,/gpfs/radev/pi/saxena/aj764/Training_COOPERATION/041824/Behavioral/processed/lever/041824_COOPTRAIN_LARGEARENA_EB003B-EB019Y_Camera2_lever.csv,041824_TrNum2,EB003B-EB019Y,Training Partner,transparent,False
coop,2024-04-19,0.0074736261040235,/gpfs/radev/pi/saxena/aj764/Training_COOPERATION/041924/Behavioral/processed/lever/041924_COOPTRAIN_LARGEARENA_EB027Y-EB029R_Camera4_lever.csv,041924_TrNum4,EB027Y-EB029R,Training Partner,transparent,False
coop,2024-04-19,0.0048534072900158,/gpfs/radev/pi/saxena/aj764/Training_COOPERATION/041924/Behavioral/processed/lever/041924_COOPTRAIN_LARGEARENA_EB011Y-EB015R_Camera2_lever.csv,041924_TrNum2,EB011Y-EB015R,Training Partner,transparent,False
coop,2024-04-19,0.0062135682359645,/gpfs/radev/pi/saxena/aj764/Training_COOPERATION/041924/Behavioral/processed/lever/041924_COOPTRAIN_LARGEARENA_EB005Y-EB007R_Camera1_lever.csv,041924_TrNum1,EB005Y-EB007R,Training Partner,transparent,False
coop,2024-04-19,0.0158333333333333,/gpfs/radev/pi/saxena/aj764/Training_COOPERATION/041924/Behavioral/processed/lever/041924_COOPTRAIN_LARGEARENA_EB003B-EB019Y_Camera2_lever.csv,041924_TrNum2,EB003B-EB019Y,Training Partner,transparent,False
coop,2024-04-19,0.0346714193936128,/gpfs/radev/pi/saxena/aj764/Training_COOPERATION/041924/Behavioral/processed/lever/041924_COOPTRAIN_LARGEARENA_EB009B-EB033Y_Camera3_lever.csv,041924_TrNum3,EB009B-EB033Y,Training Partner,transparent,False
coop,2024-04-19,0.0087691873865921,/gpfs/radev/pi/saxena/aj764/Training_COOPERATION/041924/Behavioral/processed/lever/041924_COOPTRAIN_LARGEARENA_EB021R-EB023B_Camera3_lever.csv,041924_TrNum3,EB021R-EB023B,Training Partner,transparent,False
coop,2024-04-22,0.0068623675167932,/gpfs/radev/pi/saxena/aj764/Training_COOPERATION/042224/Behavioral/processed/lever/042224_COOPTRAIN_LARGEARENA_EB027Y-EB029R_Camera3_lever.csv,042224_TrNum3,EB027Y-EB029R,Training Partner,transparent,False
coop,2024-04-22,0.00510613650913,/gpfs/radev/pi/saxena/aj764/Training_COOPERATION/042224/Behavioral/processed/lever/042224_COOPTRAIN_LARGEARENA_EB021R-EB023B_Camera4_lever.csv,042224_TrNum4,EB021R-EB023B,Training Partner,transparent,False
coop,2024-04-22,0.0046523439483975,/gpfs/radev/pi/saxena/aj764/Training_COOPERATION/042224/Behavioral/processed/lever/042224_COOPTRAIN_LARGEARENA_EB011Y-EB015R_Camera2_lever.csv,042224_TrNum2,EB011Y-EB015R,Training Partner,transparent,False
coop,2024-04-22,0.0155804703892768,/gpfs/radev/pi/saxena/aj764/Training_COOPERATION/042224/Behavioral/processed/lever/042224_COOPTRAIN_LARGEARENA_EB003B-EB019Y_Camera2_lever.csv,042224_TrNum2,EB003B-EB019Y,Training Partner,transparent,False
coop,2024-04-22,0.0203606012429541,/gpfs/radev/pi/saxena/aj764/Training_COOPERATION/042224/Behavioral/processed/lever/042224_COOPTRAIN_LARGEARENA_EB009B-EB033Y_Camera3_lever.csv,042224_TrNum3,EB009B-EB033Y,Training Partner,transparent,False
coop,2024-04-22,0.0065794825903026,/gpfs/radev/pi/saxena/aj764/Training_COOPERATION/042224/Behavioral/processed/lever/042224_COOPTRAIN_LARGEARENA_EB005Y-EB007R_Camera1_lever.csv,042224_TrNum1,EB005Y-EB007R,Training Partner,transparent,False
coop,2024-04-23,0.0032681429359823,/gpfs/radev/pi/saxena/aj764/Training_COOPERATION/042324/Behavioral/processed/lever/042324_COOPTRAIN_LARGEARENA_EB027Y-EB029R_Camera4_lever.csv,042324_TrNum4,EB027Y-EB029R,Training Partner,transparent,False
coop,2024-04-23,0.0419912176795051,/gpfs/radev/pi/saxena/aj764/Training_COOPERATION/042324/Behavioral/processed/lever/042324_COOPTRAIN_LARGEARENA_EB009B-EB033Y_Camera3_lever.csv,042324_TrNum3,EB009B-EB033Y,Training Partner,transparent,False
coop,2024-04-23,0.0067139577831857,/gpfs/radev/pi/saxena/aj764/Training_COOPERATION/042324/Behavioral/processed/lever/042324_COOPTRAIN_LARGEARENA_EB021R-EB023B_Camera3_lever.csv,042324_TrNum3,EB021R-EB023B,Training Partner,transparent,False
coop,2024-04-23,0.0058423807593801,/gpfs/radev/pi/saxena/aj764/Training_COOPERATION/042324/Behavioral/processed/lever/042324_COOPTRAIN_LARGEARENA_EB011Y-EB015R_Camera2_lever.csv,042324_TrNum2,EB011Y-EB015R,Training Partner,transparent,False
coop,2024-04-23,0.0069974938206746,/gpfs/radev/pi/saxena/aj764/Training_COOPERATION/042324/Behavioral/processed/lever/042324_COOPTRAIN_LARGEARENA_EB005Y-EB007R_Camera1_lever.csv,042324_TrNum1,EB005Y-EB007R,Training Partner,transparent,False
coop,2024-04-24,0.0098929430339691,/gpfs/radev/pi/saxena/aj764/Training_COOPERATION/042424/Behavioral/processed/lever/042424_COOPTRAIN_LARGEARENA_EB021R-EB023B_Camera3_lever.csv,042424_TrNum3,EB021R-EB023B,Training Partner,transparent,False
coop,2024-04-24,0.0044131243057726,/gpfs/radev/pi/saxena/aj764/Training_COOPERATION/042424/Behavioral/processed/lever/042424_COOPTRAIN_LARGEARENA_EB027Y-EB029R_Camera4_lever.csv,042424_TrNum4,EB027Y-EB029R,Training Partner,transparent,False
coop,2024-04-24,0.0047863771319016,/gpfs/radev/pi/saxena/aj764/Training_COOPERATION/042424/Behavioral/processed/lever/042424_COOPTRAIN_LARGEARENA_EB005Y-EB007R_Camera1_lever.csv,042424_TrNum1,EB005Y-EB007R,Training Partner,transparent,False
coop,2024-04-24,0.0211421878887547,/gpfs/radev/pi/saxena/aj764/Training_COOPERATION/042424/Behavioral/processed/lever/042424_COOPTRAIN_LARGEARENA_EB009B-EB033Y_Camera3_lever.csv,042424_TrNum3,EB009B-EB033Y,Training Partner,transparent,False
coop,2024-04-24,0.0041564694615875,/gpfs/radev/pi/saxena/aj764/Training_COOPERATION/042424/Behavioral/processed/lever/042424_COOPTRAIN_LARGEARENA_EB011Y-EB015R_Camera2_lever.csv,042424_TrNum2,EB011Y-EB015R,Training Partner,transparent,False
coop,2024-04-25,0.0051482824693191,/gpfs/radev/pi/saxena/aj764/Training_COOPERATION/042524/Behavioral/processed/lever/042524_COOPTRAIN_LARGEARENA_EB005Y-EB007R_Camera1_lever.csv,042524_TrNum1,EB005Y-EB007R,Training Partner,transparent,False
coop,2024-04-25,0.0038698133003722,/gpfs/radev/pi/saxena/aj764/Training_COOPERATION/042524/Behavioral/processed/lever/042524_COOPTRAIN_LARGEARENA_EB021R-EB023B_Camera3_lever.csv,042524_TrNum3,EB021R-EB023B,Training Partner,transparent,False
coop,2024-04-25,0.0024439351564118,/gpfs/radev/pi/saxena/aj764/Training_COOPERATION/042524/Behavioral/processed/lever/042524_COOPTRAIN_LARGEARENA_EB011Y-EB015R_Camera2_lever.csv,042524_TrNum2,EB011Y-EB015R,Training Partner,transparent,False
coop,2024-04-25,0.0054822603781251,/gpfs/radev/pi/saxena/aj764/Training_COOPERATION/042524/Behavioral/processed/lever/042524_COOPTRAIN_LARGEARENA_EB027Y-EB029R_Camera4_lever.csv,042524_TrNum4,EB027Y-EB029R,Training Partner,transparent,False
coop,2024-04-26,0.0055518060704677,/gpfs/radev/pi/saxena/aj764/Training_COOPERATION/042624/Behavioral/processed/lever/042624_COOPTRAIN_LARGEARENA_EB027Y-EB029R_Camera4_lever.csv,042624_TrNum4,EB027Y-EB029R,Training Partner,transparent,False
coop,2024-04-26,0.0049090488924102,/gpfs/radev/pi/saxena/aj764/Training_COOPERATION/042624/Behavioral/processed/lever/042624_COOPTRAIN_LARGEARENA_EB021R-EB023B_Camera3_lever.csv,042624_TrNum3,EB021R-EB023B,Training Partner,transparent,False
coop,2024-04-26,0.0033324999342053,/gpfs/radev/pi/saxena/aj764/Training_COOPERATION/042624/Behavioral/processed/lever/042624_COOPTRAIN_LARGEARENA_EB005Y-EB007R_Camera1_lever.csv,042624_TrNum1,EB005Y-EB007R,Training Partner,transparent,False
coop,2024-04-30,0.0049858554350801,/gpfs/radev/pi/saxena/aj764/Training_COOPERATION/043024/Behavioral/processed/lever/043024_COOPTRAIN_LARGEARENA_EB021R-EB023B_Camera3_lever.csv,043024_TrNum3,EB021R-EB023B,Training Partner,transparent,False
coop,2024-04-30,0.0078484348712508,/gpfs/radev/pi/saxena/aj764/Training_COOPERATION/043024/Behavioral/processed/lever/043024_COOPTRAIN_LARGEARENA_EB005Y-EB007R_Camera1_lever.csv,043024_TrNum1,EB005Y-EB007R,Training Partner,transparent,False
