label,date,lev_file,session,ratPair,familiarity,transparency,social_gaze,lever_gaze,mag_gaze,social_gaze_at_lev,social_gaze_at_mag,social_gaze_at_center,avg_social_gaze_length,isKL
ineq,2024-04-16,/gpfs/radev/pi/saxena/aj764/PairedTestingSessions/041624_KL001_TimeOut/Behavioral/processed/lever/041624_Cam4_TrNum10_Coop_KL001B-KL001Y_lever.csv,041624_KL001_TimeOut_TrNum11,KL001G-KL001Y,,transparent,0.0032423669278573,0.1934950013509862,0.1594501486084842,0.0003715212104836,0.0010470143204539,0.0018238313969197,9.583333333333332,True
ineq,2024-04-16,/gpfs/radev/pi/saxena/aj764/PairedTestingSessions/041624_KL002_TimeOut/Behavioral/processed/lever/041624_Cam3_TrNum7_Coop_KL002B-KL002Y_lever.csv,041624_KL001_TimeOut_TrNum5,KL001B-KL001R,,transparent,0.0032443018262469,0.0778514463687414,0.2180406776461705,0.0016280496437166,0.0008612146666037,0.0006724552876221,7.886904761904762,True
ineq,2024-04-16,/gpfs/radev/pi/saxena/aj764/PairedTestingSessions/041624_KL002_TimeOut/Behavioral/processed/lever/041624_Cam3_TrNum9_Coop_KL002B-KL002Y_lever.csv,041624_KL002_TimeOut_TrNum10,KL002B-KL002R,,transparent,0.001921112786343,0.1845484169057925,0.2005739020475657,4.86357667428627e-05,0.0001945430669714,0.0016779339526287,11.0,True
ineq,2024-04-16,/gpfs/radev/pi/saxena/aj764/PairedTestingSessions/041824_KL005_TimeOut/Behavioral/processed/lever/041824_Cam4_TrNum5_Coop_KL005Y-KL005B_lever.csv,041624_KL003_TimeOut_TrNum9,KL003B-KL003R,,transparent,0.0036775973030953,0.1385739094902441,0.1686586985391766,2.5538870160384105e-05,0.0029625089386045,0.0004086219225661,6.575,True
ineq,2024-04-16,/gpfs/radev/pi/saxena/aj764/PairedTestingSessions/041824_KL005_TimeOut/Behavioral/processed/lever/041824_Cam4_TrNum7_Coop_KL005Y-KL005B_lever.csv,041624_KL003_TimeOut_TrNum7,KL003B-KL003Y,,transparent,0.0007298762685944,0.149520367023495,0.2202140970387877,0.0,0.0007298762685944,0.0,,True
ineq,2024-04-18,/gpfs/radev/pi/saxena/aj764/PairedTestingSessions/041924_KL002_TimeOut/Behavioral/processed/lever/041924_Cam4_TrNum12_Coop_KL002B-KL002Y_lever.csv,041824_KL005_TimeOut_TrNum8,KL005B-KL005R,,transparent,0.0036665162454873,0.0902414259927797,0.2811259025270758,0.0,0.0019629963898916,0.0015455776173285,12.338235294117647,True
ineq,2024-04-18,/gpfs/radev/pi/saxena/aj764/PairedTestingSessions/041924_KL002_TimeOut/Behavioral/processed/lever/041924_Cam4_TrNum5_Coop_KL002B-KL002Y_lever.csv,041824_KL005_TimeOut_TrNum10,KL005R-KL005Y,,transparent,0.0022869989921699,0.1038646406698193,0.3262074579424762,0.0,0.0014536010543452,0.0008333979378246,6.992857142857143,True
ineq,2024-04-18,/gpfs/radev/pi/saxena/aj764/PairedTestingSessions/042224_KL005_TimeOut/Behavioral/processed/lever/042224_Cam2_TrNum5_Coop_KL005Y-KL005B_lever.csv,041824_KL006_TimeOut_TrNum6,KL006B-KL006R,,transparent,0.0068294468852089,0.1449954939731891,0.2826686943787315,0.0015067027148811,0.0021122000675904,0.0027036160865157,12.87937062937063,True
ineq,2024-04-18,/gpfs/radev/pi/saxena/aj764/PairedTestingSessions/042224_KL005_TimeOut/Behavioral/processed/lever/042224_Cam2_TrNum7_Coop_KL005Y-KL005B_lever.csv,041824_KL007_TimeOut_TrNum10,KL007B-KL007Y,,transparent,0.0030755430255654,0.1283558659575831,0.1866470173640033,0.0001281476260652,0.0012334209008778,0.0017139744986224,10.227272727272727,True
ineq,2024-04-18,/gpfs/radev/pi/saxena/aj764/PairedTestingSessions/042224_KL006_TimeOut/Behavioral/processed/lever/042224_Cam4_TrNum12_Coop_KL006G-KL006R_lever.csv,041824_KL008_TimeOut_TrNum8,KL008B-KL008Y,,transparent,0.0067133185412755,0.1345935028730727,0.1449337202025374,0.0004124708425783,0.0028730727655458,0.0030721966205837,10.777011494252875,True
ineq,2024-04-18,/gpfs/radev/pi/saxena/aj764/PairedTestingSessions/042224_KL006_TimeOut/Behavioral/processed/lever/042224_Cam4_TrNum5_Coop_KL006G-KL006R_lever.csv,041824_KL008_TimeOut_TrNum6,KL008B-KL008R,,transparent,0.0054693356284183,0.098531330686582,0.1097476331935922,0.0018046031261278,0.0018601293761625,0.0016796690635497,8.9375,True
ineq,2024-04-19,/gpfs/radev/pi/saxena/aj764/PairedTestingSessions/042324_KL002_TimeOut/Behavioral/processed/lever/042324_Cam4_TrNum7_Coop_KL002B-KL002Y_lever.csv,041924_KL002_TimeOut_TrNum8,KL002B-KL002R,,transparent,0.0009552923194497,0.1988918609094382,0.2553086958895136,0.0003548228615099,0.0003275287952399,0.0002729406626999,5.0,True
ineq,2024-04-19,/gpfs/radev/pi/saxena/aj764/PairedTestingSessions/042324_KL002_TimeOut/Behavioral/processed/lever/042324_Cam4_TrNum5_Coop_KL002B-KL002Y_lever.csv,041924_KL003_TimeOut_TrNum9,KL003B-KL003R,,transparent,0.0007692307692307,0.1459875259875259,0.234033264033264,0.0,0.0003742203742203,0.0003950103950103,3.7,True
ineq,2024-04-19,/gpfs/radev/pi/saxena/aj764/PairedTestingSessions/042424_KL005_TimeOut/Behavioral/processed/lever/042424_Cam2_TrNum5_Coop_KL005Y-KL005B_lever.csv,041924_KL003_TimeOut_TrNum11,KL003G-KL003R,,transparent,0.0012090126396775,0.1307565488184649,0.1742626854735299,0.0002930939732551,0.0004762777065396,0.0004396409598827,5.5,True
ineq,2024-04-19,/gpfs/radev/pi/saxena/aj764/PairedTestingSessions/042424_KL005_TimeOut/Behavioral/processed/lever/042424_Cam2_TrNum12_Coop_KL005Y-KL005B_lever.csv,041924_KL003_TimeOut_TrNum7,KL003B-KL003Y,,transparent,0.0025817136733401,0.18242486238979,0.3021335671489113,0.0001704905255979,0.0005358273661649,0.0018753957815772,12.0625,True
ineq,2024-04-19,/gpfs/radev/pi/saxena/aj764/PairedTestingSessions/042424_KL006_TimeOut/Behavioral/processed/lever/042424_Cam3_TrNum12_Coop_KL006G-KL006R_lever.csv,041924_KL004_TimeOut_TrNum9,KL004B-KL004R,,transparent,0.002500672223716,0.2450121000268889,0.2034686743748319,0.0021242269427265,0.0002957784350631,8.066684592632429e-05,16.5,True
ineq,2024-04-22,/gpfs/radev/pi/saxena/aj764/PairedTestingSessions/042424_KL006_TimeOut/Behavioral/processed/lever/042424_Cam3_TrNum5_Coop_KL006G-KL006R_lever.csv,042224_KL005_TimeOut_TrNum12,KL005B-KL005R,,transparent,0.0032428110285189,0.1322000769982527,0.3439156572985459,2.961471258921432e-05,0.002487635857494,0.0006515236769627,7.6875,True
ineq,2024-04-22,/gpfs/radev/pi/saxena/aj764/PairedTestingSessions/042624_KL002_TimeOut/Behavioral/processed/lever/042624_Cam3_TrNum5_Coop_KL002B-KL002Y_lever.csv,042224_KL006_TimeOut_TrNum6,KL006B-KL006R,,transparent,0.0034906949847544,0.0799074755546209,0.3170223951214383,0.0,0.0019135737567027,0.0013247818315634,8.20357142857143,True
ineq,2024-04-22,/gpfs/radev/pi/saxena/aj764/PairedTestingSessions/042624_KL002_TimeOut/Behavioral/processed/lever/042624_Cam3_TrNum7_Coop_KL002B-KL002Y_lever.csv,042224_KL007_TimeOut_TrNum9,KL007B-KL007Y,,transparent,0.0013373031893419,0.1448324586192975,0.2679148163100525,7.569640694388373e-05,0.0008326604763827,0.0004289463060153,5.5,True
ineq,2024-04-22,/gpfs/radev/pi/saxena/aj764/PairedTestingSessions/042624_KL004_TimeOut/Behavioral/processed/lever/042624_Cam4_TrNum7_Coop_KL004G-KL004R_lever.csv,042224_KL008_TimeOut_TrNum9,KL008B-KL008R,,transparent,0.0024902235667379,0.0907363683317346,0.3261270567402051,0.0004611525123588,0.0015494724415258,0.0004795986128532,10.226190476190476,True
ineq,2024-04-22,/gpfs/radev/pi/saxena/aj764/PairedTestingSessions/042624_KL004_TimeOut/Behavioral/processed/lever/042624_Cam4_TrNum9_Coop_KL004G-KL004R_lever.csv,042224_KL008_TimeOut_TrNum7,KL008B-KL008Y,,transparent,0.0131133891866576,0.0698730290888276,0.2351043347036478,3.902794400790966e-05,0.0038117291981058,0.0092496227298745,21.75,True
ineq,2024-04-23,/gpfs/radev/pi/saxena/aj764/PairedTestingSessions/042924_KL005_TimeOut/Behavioral/processed/lever/042924_Cam4_TrNum5_Coop_KL005Y-KL005B_lever.csv,042324_KL002_TimeOut_TrNum6,KL002G-KL002Y,,transparent,0.0036452508181102,0.1126506772710326,0.3709664056998467,4.1423304751253055e-05,0.0027339381135827,0.000828466095025,14.75,True
ineq,2024-04-23,/gpfs/radev/pi/saxena/aj764/PairedTestingSessions/042924_KL005_TimeOut/Behavioral/processed/lever/042924_Cam4_TrNum12_Coop_KL005Y-KL005B_lever.csv,042324_KL002_TimeOut_TrNum8,KL002B-KL002R,,transparent,0.0007125890736342,0.1802850356294537,0.3176484560570071,0.0,0.0004988123515439,0.0002137767220902,11.5,True
ineq,2024-04-23,/gpfs/radev/pi/saxena/aj764/PairedTestingSessions/042924_KL006_TimeOut/Behavioral/processed/lever/042924_Cam1_TrNum11_Coop_KL006G-KL006R_lever.csv,042324_KL003_TimeOut_TrNum11,KL003B-KL003R,,transparent,0.0029142196120306,0.1770332799430503,0.2498887702438156,0.0,0.0020688734650293,0.0008453461470012,17.25,True
ineq,2024-04-23,/gpfs/radev/pi/saxena/aj764/PairedTestingSessions/043024_KL002_TimeOut_Translucent/Behavioral/processed/lever/043024_Cam3_TrNum7_Coop_KL002B-KL002Y_lever.csv,042324_KL003_TimeOut_TrNum7,KL003B-KL003Y,,transparent,0.0144317189666683,0.1186508140311232,0.2436829130501772,0.0016691489908068,0.0037876842483693,0.0088079708284114,25.050492610837438,True
ineq,2024-04-24,/gpfs/radev/pi/saxena/aj764/PairedTestingSessions/043024_KL002_TimeOut_Translucent/Behavioral/processed/lever/043024_Cam3_TrNum5_Coop_KL002B-KL002Y_lever.csv,042424_KL005_TimeOut_TrNum6,KL005B-KL005R,,transparent,0.0026233344657079,0.2149435699996225,0.191314686898426,0.0008115351224851,0.0010946287698637,0.000717170573359,6.1089743589743595,True
ineq,2024-04-24,/gpfs/radev/pi/saxena/aj764/PairedTestingSessions/043024_KL004_TimeOut_Opaque/Behavioral/processed/lever/043024_Cam4_TrNum7_Coop_KL004G-KL004R_lever.csv,042424_KL006_TimeOut_TrNum11,KL006B-KL006R,,transparent,0.0049059340471822,0.1469647199351563,0.3300413804871805,0.0,0.0026449383558721,0.00226099569131,12.355555555555554,True
ineq,2024-04-24,/gpfs/radev/pi/saxena/aj764/PairedTestingSessions/043024_KL004_TimeOut_Opaque/Behavioral/processed/lever/043024_Cam4_TrNum9_Coop_KL004G-KL004R_lever.csv,042424_KL007_TimeOut_TrNum11,KL007B-KL007Y,,transparent,0.0011168079597949,0.1092695060662977,0.3930148738514645,0.0,0.0007106959744149,2.538199908624803e-05,6.25,True
ineq,2024-04-24,/gpfs/radev/pi/saxena/aj764/PairedTestingSessions/050124_KL005_TimeOut_Opaque/Behavioral/processed/lever/050124_Cam2_TrNum6_Coop_KL005Y-KL005B_lever.csv,042424_KL008_TimeOut_TrNum12,KL008B-KL008R,,transparent,0.0088984287083732,0.102154795148585,0.4840161713833201,0.0001458758804651,0.0082315675405326,0.0004167882299003,35.583333333333336,True
ineq,2024-04-24,/gpfs/radev/pi/saxena/aj764/PairedTestingSessions/050124_KL005_TimeOut_Opaque/Behavioral/processed/lever/050124_Cam2_TrNum8_Coop_KL005Y-KL005B_lever.csv,042424_KL008_TimeOut_TrNum6,KL008B-KL008Y,,transparent,0.0035476629519762,0.0910967690210855,0.3515593682353884,0.0017237232422031,0.0007616451535316,0.0010622945562414,16.983333333333334,True
ineq,2024-04-26,/gpfs/radev/pi/saxena/aj764/PairedTestingSessions/050124_KL006_TimeOut_Translucent/Behavioral/processed/lever/050124_Cam3_TrNum7_Coop_KL006G-KL006R_lever.csv,042624_KL001_TimeOut_TrNum9,KL001B-KL001R,,transparent,0.0034699542782495,0.0606357500544306,0.2614712606139778,0.0,0.0015784890050076,0.0018914652732418,9.118181818181817,True
ineq,2024-04-26,/gpfs/radev/pi/saxena/aj764/PairedTestingSessions/050124_KL006_TimeOut_Translucent/Behavioral/processed/lever/050124_Cam3_TrNum5_Coop_KL006G-KL006R_lever.csv,042624_KL002_TimeOut_TrNum11,KL002B-KL002R,,transparent,0.003392247526036,0.1317574867118966,0.2801521109718681,0.0,0.0007130201806317,0.0026792273454042,14.625,True
ineq,2024-04-26,/gpfs/radev/pi/saxena/aj764/PairedTestingSessions/050324_KL002_TimeOut_Opaque/Behavioral/processed/lever/050324_Cam1_TrNum9_Coop_KL002B-KL002Y_lever.csv,042624_KL002_TimeOut_TrNum9,KL002G-KL002Y,,transparent,0.0024882695862363,0.1338689037395137,0.3368880041708137,0.0,0.0018010332243234,0.0006872363619128,11.0,True
ineq,2024-04-26,/gpfs/radev/pi/saxena/aj764/PairedTestingSessions/050324_KL002_TimeOut_Opaque/Behavioral/processed/lever/050324_Cam1_TrNum11_Coop_KL002B-KL002Y_lever.csv,042624_KL003_TimeOut_TrNum7,KL003B-KL003Y,,transparent,0.0001734404810082,0.2190553275134416,0.371162629357692,0.0,5.781349366942244e-05,0.0001156269873388,3.0,True
ineq,2024-04-26,/gpfs/radev/pi/saxena/aj764/PairedTestingSessions/050524_KL005_TimeOut_Translucent/Behavioral/processed/lever/050524_Cam4_TrNum5_Coop_KL005Y-KL005B_lever.csv,042624_KL003_TimeOut_TrNum6,KL003B-KL003R,,transparent,0.0015561279244473,0.1710935823138012,0.2876690276883451,0.0,0.0014756385490448,8.048937540244688e-05,23.666666666666668,True
ineq,2024-04-26,/gpfs/radev/pi/saxena/aj764/PairedTestingSessions/050524_KL005_TimeOut_Translucent/Behavioral/processed/lever/050524_Cam4_TrNum8_Coop_KL005Y-KL005B_lever.csv,042624_KL004_TimeOut_TrNum8,KL004B-KL004R,,transparent,0.0009282178217821,0.1476833230198019,0.2385326423267326,1.9337871287128713e-05,0.0003867574257425,0.0005221225247524,5.475,True
ineq,2024-04-29,/gpfs/radev/pi/saxena/aj764/PairedTestingSessions/050524_KL006_TimeOut_Opaque/Behavioral/processed/lever/050524_Cam3_TrNum7_Coop_KL006G-KL006R_lever.csv,042924_KL005_TimeOut_TrNum8,KL005B-KL005R,,transparent,0.0028621752531924,0.0720853731188644,0.4458776905742482,0.0,0.0023959385603647,0.0003237754811303,10.058333333333334,True
ineq,2024-04-29,/gpfs/radev/pi/saxena/aj764/PairedTestingSessions/050524_KL006_TimeOut_Opaque/Behavioral/processed/lever/050524_Cam3_TrNum10_Coop_KL006G-KL006R_lever.csv,042924_KL005_TimeOut_TrNum6,KL005R-KL005Y,,transparent,0.0052101003247225,0.1160761886298647,0.3047545194591189,0.0,0.0040953811854795,0.0011147191392429,12.590277777777779,True
ineq,2024-04-29,/gpfs/radev/pi/saxena/aj764/PairedTestingSessions/050824_EB001R-031B-027Y_TimeOut_CNO/Behavioral/processed/lever/050824_Cam2_TrNum9_Coop_EB001R-EB031B_lever.csv,042924_KL006_TimeOut_TrNum6,KL006B-KL006R,,transparent,0.0020519505600617,0.1479335650830436,0.3843424101969872,0.0,0.0016174198532251,0.0004345307068366,8.208333333333332,True
ineq,2024-04-29,/gpfs/radev/pi/saxena/aj764/PairedTestingSessions/050824_EB001R-031B-027Y_TimeOut_CNO/Behavioral/processed/lever/050824_Cam2_TrNum11_Coop_EB001R-EB027Y_lever.csv,042924_KL007_TimeOut_TrNum11,KL007G-KL007R,,transparent,0.0026081772566943,0.1510755626210939,0.1787470813254508,0.0,0.0015649063540165,0.0010432709026777,8.410714285714285,True
ineq,2024-04-29,/gpfs/radev/pi/saxena/aj764/PairedTestingSessions/050824_EB007R-005Y-003B_TimeOut_CNO/Behavioral/processed/lever/050824_Cam3_TrNum7_Coop_EB007R-EB003B_lever.csv,042924_KL007_TimeOut_TrNum6,KL007B-KL007Y,,transparent,0.0015179113539769,0.1586976320582878,0.2809147945759968,0.0006830601092896,0.0002276867030965,0.0006071645415907,17.666666666666668,True
ineq,2024-04-29,/gpfs/radev/pi/saxena/aj764/PairedTestingSessions/050824_EB007R-005Y-003B_TimeOut_CNO/Behavioral/processed/lever/050824_Cam3_TrNum10_Coop_EB007R-EB005Y_lever.csv,042924_KL008_TimeOut_TrNum12,KL008B-KL008Y,,transparent,0.0024476249740717,0.1459448247251607,0.2995851483094793,0.0007882182119892,0.0004770794440987,0.0011823273179838,7.805555555555555,True
ineq,2024-04-29,/gpfs/radev/pi/saxena/aj764/PairedTestingSessions/050824_EB015R-011Y-009B_TimeOut_CNO/Behavioral/processed/lever/050824_Cam1_TrNum7_Coop_EB015R-EB011Y_lever.csv,042924_KL008_TimeOut_TrNum6,KL008B-KL008R,,transparent,0.0053485874772839,0.0992483066248141,0.3265735998678341,0.0004130183380142,0.0045018998843548,0.0004336692549149,14.084615384615386,True
ineq,2024-04-30,/gpfs/radev/pi/saxena/aj764/PairedTestingSessions/050824_EB015R-011Y-009B_TimeOut_CNO/Behavioral/processed/lever/050824_Cam1_TrNum11_Coop_EB015R-EB009B_lever.csv,043024_KL001_TimeOut_Opaque_TrNum9,KL001B-KL001R,,opaque,0.004297565619475,0.0678090575275397,0.170828233374133,0.0,0.0016863865089079,0.0026111791105671,8.741666666666667,True
ineq,2024-04-30,/gpfs/radev/pi/saxena/aj764/PairedTestingSessions/050824_EB021R-023B-019Y_TimeOut_CNO/Behavioral/processed/lever/050824_Cam4_TrNum12_Coop_EB021R-EB019Y_lever.csv,043024_KL002_TimeOut_Translucent_TrNum9,KL002G-KL002Y,,translucent,0.0007388535031847,0.1422165605095541,0.3225222929936305,0.0007133757961783,0.0,2.5477707006369428e-05,,True
ineq,2024-04-30,/gpfs/radev/pi/saxena/aj764/PairedTestingSessions/050824_EB021R-023B-019Y_TimeOut_CNO/Behavioral/processed/lever/050824_Cam4_TrNum8_Coop_EB021R-EB023B_lever.csv,043024_KL002_TimeOut_Translucent_TrNum11,KL002B-KL002R,,translucent,0.0002836367386932,0.1842091692022072,0.3599865917178072,0.0,0.000103140632252,0.0001804961064411,,True
ineq,2024-04-30,/gpfs/radev/pi/saxena/aj764/PairedTestingSessions/051024_EB005Y-007R-003B_TimeOut_CNO/Behavioral/processed/lever/051024_Cam2_TrNum12_Coop_EB005Y-EB003B_lever.csv,043024_KL003_TimeOut_Translucent_TrNum7,KL003B-KL003Y,,translucent,0.0,0.2045312010034493,0.3143096059370753,0.0,0.0,0.0,,True
ineq,2024-04-30,/gpfs/radev/pi/saxena/aj764/PairedTestingSessions/051024_EB011Y-015R-009B_TimeOut_CNO/Behavioral/processed/lever/051024_Cam3_TrNum7_Coop_EB011Y-EB009B_lever.csv,043024_KL003_TimeOut_Translucent_TrNum6,KL003B-KL003R,,translucent,0.0006108735491753,0.2137039299531663,0.293092038281409,2.5453064548971696e-05,0.0003563429036856,0.0002290775809407,,True
ineq,2024-04-30,/gpfs/radev/pi/saxena/aj764/PairedTestingSessions/051024_EB011Y-015R-009B_TimeOut_CNO/Behavioral/processed/lever/051024_Cam3_TrNum9_Coop_EB011Y-EB015R_lever.csv,043024_KL004_TimeOut_Opaque_TrNum8,KL004B-KL004R,,opaque,0.0007141115407391,0.1023966280001393,0.5060264047096527,0.0,0.000696694186087,1.7417354652175428e-05,5.916666666666666,True
ineq,2024-04-30,/gpfs/radev/pi/saxena/aj764/PairedTestingSessions/051024_EB023B-021R-019Y_TimeOut_CNO/Behavioral/processed/lever/051024_Cam1_TrNum7_Coop_EB023B-EB021R_lever.csv,043024_KL004_TimeOut_Opaque_TrNum10,KL004G-KL004Y,,opaque,0.0005532569999037,0.1397815837582988,0.2951265274704128,0.0,0.0003127104782064,0.0002405465216972,2.7666666666666666,True
ineq,2024-05-01,/gpfs/radev/pi/saxena/aj764/PairedTestingSessions/051024_EB023B-021R-019Y_TimeOut_CNO/Behavioral/processed/lever/051024_Cam1_TrNum12_Coop_EB023B-EB019Y_lever.csv,050124_KL005_TimeOut_Opaque_TrNum7,KL005B-KL005R,,opaque,0.0050930752047654,0.1657781087118391,0.2486373790022338,4.4676098287416235e-05,0.0027252419955323,0.0023231571109456,10.632034632034632,True
ineq,2024-05-01,/gpfs/radev/pi/saxena/aj764/PairedTestingSessions/051024_EB031B-001R-027Y_TimeOut_CNO/Behavioral/processed/lever/051024_Cam4_TrNum10_Coop_EB031B-EB001R_lever.csv,050124_KL006_TimeOut_Translucent_TrNum6,KL006B-KL006R,,translucent,0.001514577811435,0.2240391897008709,0.2915325634229458,0.0,0.0011359333585762,0.0003786444528587,5.8,True
ineq,2024-05-01,/gpfs/radev/pi/saxena/aj764/PairedTestingSessions/051024_EB031B-001R-027Y_TimeOut_CNO/Behavioral/processed/lever/051024_Cam4_TrNum8_Coop_EB031B-EB027Y_lever.csv,050124_KL006_TimeOut_Translucent_TrNum9,KL006R-KL006Y,,translucent,0.0032971380841429,0.1988613883149426,0.2205125950674814,0.0,0.0009891414252428,0.0023079966589,9.803571428571429,True
ineq,2024-05-01,/gpfs/radev/pi/saxena/aj764/PairedTestingSessions/051324_EB001R-031B-033Y_TimeOut_VEH/Behavioral/processed/lever/051324_Cam1_TrNum11_Coop_EB001R-EB031B_lever.csv,050124_KL006_TimeOut_Translucent_TrNum8,KL006G-KL006Y,,translucent,0.0008364516839093,0.19867928681488,0.2469073299581774,6.603565925599824e-05,0.0001320713185119,0.0006383447061413,6.333333333333334,True
ineq,2024-05-01,/gpfs/radev/pi/saxena/aj764/PairedTestingSessions/051324_EB007R-005Y-009B_TimeOut_VEH/Behavioral/processed/lever/051324_Cam2_TrNum11_Coop_EB007R-EB009B_lever.csv,050124_KL007_TimeOut_Translucent_TrNum9,KL007B-KL007Y,,translucent,0.0003821534346039,0.1853205311932741,0.3976545332951179,0.0,0.0002627304862902,9.553835865099838e-05,6.25,True
ineq,2024-05-01,/gpfs/radev/pi/saxena/aj764/PairedTestingSessions/051324_EB015R-011Y-003B_TimeOut_VEH/Behavioral/processed/lever/051324_Cam3_TrNum8_Coop_EB015R-EB011Y_lever.csv,050124_KL008_TimeOut_Opaque_TrNum8,KL008G-KL008R,,opaque,0.0045676154831084,0.0487294395745099,0.3992539150989855,1.231163202994189e-05,0.0039520338816113,9.849305623953512e-05,9.716666666666667,True
ineq,2024-05-01,/gpfs/radev/pi/saxena/aj764/PairedTestingSessions/051324_EB015R-011Y-003B_TimeOut_VEH/Behavioral/processed/lever/051324_Cam3_TrNum12_Coop_EB015R-EB003B_lever.csv,050124_KL008_TimeOut_Opaque_TrNum10,KL008B-KL008Y,,opaque,0.0034587333015865,0.0413042933406852,0.3969773678538309,0.0,0.0019925311411313,0.001453670518058,8.212406015037594,True
ineq,2024-05-01,/gpfs/radev/pi/saxena/aj764/PairedTestingSessions/051324_EB021R-023B-027Y_TimeOut_VEH/Behavioral/processed/lever/051324_Cam4_TrNum7_Coop_EB021R-EB023B_lever.csv,050124_KL008_TimeOut_Opaque_TrNum6,KL008B-KL008R,,opaque,0.0025005683109797,0.0688035159505948,0.3556868985375464,0.0,0.0010797908615594,0.0014207774494203,8.53968253968254,True
ineq,2024-05-03,/gpfs/radev/pi/saxena/aj764/PairedTestingSessions/051424_EB011Y-015R-003B_TimeOut_VEH/Behavioral/processed/lever/051424_Cam1_TrNum7_Coop_EB011Y-EB003B_lever.csv,050324_KL001_TimeOut_Translucent_TrNum6,KL001B-KL001R,,translucent,0.0008326064546824,0.0559432241693759,0.2850487669494885,0.0,0.0004559511537546,0.0003766553009277,3.642857142857143,True
ineq,2024-05-03,/gpfs/radev/pi/saxena/aj764/PairedTestingSessions/051424_EB011Y-015R-003B_TimeOut_VEH/Behavioral/processed/lever/051424_Cam1_TrNum10_Coop_EB011Y-EB015R_lever.csv,050324_KL002_TimeOut_Opaque_TrNum8,KL002B-KL002R,,opaque,0.0012235995105601,0.2242113103154758,0.4026174389530244,5.319997872000851e-05,0.0010107995956801,0.0001329999468,6.466666666666667,True
ineq,2024-05-03,/gpfs/radev/pi/saxena/aj764/PairedTestingSessions/051424_EB023B-021R-027Y_TimeOut_VEH/Behavioral/processed/lever/051424_Cam2_TrNum7_Coop_EB023B-EB021R_lever.csv,050324_KL003_TimeOut_Opaque_TrNum11,KL003B-KL003R,,opaque,0.0010779927774483,0.1507572899261575,0.3628793187085646,0.0,0.0002425483749258,0.0008354444025225,10.0,True
ineq,2024-05-03,/gpfs/radev/pi/saxena/aj764/PairedTestingSessions/051424_EB023B-021R-027Y_TimeOut_VEH/Behavioral/processed/lever/051424_Cam2_TrNum10_Coop_EB023B-EB027Y_lever.csv,050324_KL003_TimeOut_Opaque_TrNum10,KL003G-KL003R,,opaque,0.004274253649555,0.0778133356713866,0.16380255140064,0.000416465740213,0.0021042479505501,0.001709701459822,10.53409090909091,True
ineq,2024-05-03,/gpfs/radev/pi/saxena/aj764/PairedTestingSessions/051424_EB031B-001R-033Y_TimeOut_VEH/Behavioral/processed/lever/051424_Cam3_TrNum7_Coop_EB031B-EB033Y_lever.csv,050324_KL003_TimeOut_Opaque_TrNum8,KL003B-KL003Y,,opaque,0.0003685374328735,0.1221701589975781,0.3262609245024744,0.0,0.0001579446140886,0.0002105928187848,3.5,True
ineq,2024-05-03,/gpfs/radev/pi/saxena/aj764/PairedTestingSessions/051424_EB031B-001R-033Y_TimeOut_VEH/Behavioral/processed/lever/051424_Cam3_TrNum11_Coop_EB031B-EB001R_lever.csv,050324_KL004_TimeOut_Translucent_TrNum10,KL004B-KL004R,,translucent,0.0024555763907491,0.1648584695062059,0.3562594874542369,4.46468434681668e-05,0.0018081971604607,0.0006027323868202,7.225,True
ineq,2024-05-05,/gpfs/radev/pi/saxena/aj764/PairedTestingSessions/051524_EB001R-031B-019Y_TimeOut_VEH/Behavioral/processed/lever/051524_Cam1_TrNum11_Coop_EB001R-EB031B_lever.csv,050524_KL005_TimeOut_Translucent_TrNum11,KL005B-KL005R,,translucent,0.0017846319617482,0.0552394100612835,0.3892181291669472,6.734460233012324e-05,0.0009259882820391,0.0007744629267964,7.366666666666667,True
ineq,2024-05-05,/gpfs/radev/pi/saxena/aj764/PairedTestingSessions/051524_EB001R-031B-019Y_TimeOut_VEH/Behavioral/processed/lever/051524_Cam1_TrNum7_Coop_EB001R-EB019Y_lever.csv,050524_KL005_TimeOut_Translucent_TrNum7,KL005R-KL005Y,,translucent,0.0033487892838742,0.0901275115919629,0.3124356002060793,0.0,0.0027208912931478,0.0006117980422462,7.475,True
ineq,2024-05-05,/gpfs/radev/pi/saxena/aj764/PairedTestingSessions/051524_EB007R-005Y-027Y_TimeOut_VEH/Behavioral/processed/lever/051524_Cam2_TrNum11_Coop_EB007R-EB027Y_lever.csv,050524_KL006_TimeOut_Opaque_TrNum6,KL006R-KL006Y,,opaque,0.0019753408005557,0.149366154380481,0.1723973256924546,0.0,0.0012373013805678,0.0007380394199878,9.4375,True
ineq,2024-05-05,/gpfs/radev/pi/saxena/aj764/PairedTestingSessions/051524_EB015R-011Y_033Y_TimeOut_VEH/Behavioral/processed/lever/051524_Cam3_TrNum12_Coop_EB015R-EB033Y_lever.csv,050524_KL006_TimeOut_Opaque_TrNum11,KL006B-KL006R,,opaque,0.0005601034037052,0.2287160706591986,0.3023696682464455,0.0,0.0003231365790607,0.0002369668246445,4.333333333333333,True
ineq,2024-05-05,/gpfs/radev/pi/saxena/aj764/PairedTestingSessions/051524_EB015R-011Y_033Y_TimeOut_VEH/Behavioral/processed/lever/051524_Cam3_TrNum8_Coop_EB015R-EB011Y_lever.csv,050524_KL008_TimeOut_Translucent_TrNum10,KL008B-KL008Y,,translucent,0.0037707079864831,0.1031896480672546,0.3987472183301739,0.0014423473172339,0.0007623835819665,0.0015659770872826,17.516666666666666,True
ineq,2024-05-05,/gpfs/radev/pi/saxena/aj764/PairedTestingSessions/051524_EB021R-023B-009B_TimeOut_VEH/Behavioral/processed/lever/051524_Cam4_TrNum7_Coop_EB021R-EB023B_lever.csv,050524_KL008_TimeOut_Translucent_TrNum8,KL008B-KL008R,,translucent,0.0037021407197115,0.070187217064375,0.3575922657868488,5.754622880380572e-05,0.0024553057622957,0.0011892887286119,7.583333333333334,True
ineq,2024-05-08,/gpfs/radev/pi/saxena/aj764/PairedTestingSessions/051524_EB021R-023B-009B_TimeOut_VEH/Behavioral/processed/lever/051524_Cam4_TrNum9_Coop_EB021R-EB009B_lever.csv,050824_EB001R-031B-027Y_TimeOut_CNO_TrNum8,EB001R-EB032G,,transparent,0.0040773485123733,0.0949699245084978,0.2042105688103023,0.0001211093617536,0.0008881353195268,0.0030681038310928,8.760683760683762,False
ineq,2024-05-08,/gpfs/radev/pi/saxena/aj764/PairedTestingSessions/052024_EB031B-001R-EB019Y_TimeOut_VEH_BAD/Behavioral/processed/lever/052024_Cam3_TrNum7_Coop_EB031B-EB019Y_lever.csv,050824_EB001R-031B-027Y_TimeOut_CNO_TrNum10,EB001R-EB002G,,transparent,0.0127586390784982,0.0539675767918088,0.1059886945392491,0.0007999146757679,0.0022264291808873,0.0097189633105802,17.537681159420288,False
ineq,2024-05-08,/gpfs/radev/pi/saxena/aj764/PairedTestingSessions/052124_EB001R-031B-003B_TimeOut_CNO/Behavioral/processed/lever/052124_Cam3_TrNum10_Coop_EB001R-EB031B_lever.csv,050824_EB001R-031B-027Y_TimeOut_CNO_TrNum12,EB001R-EB028G,,transparent,0.012233254704043,0.0717537988918755,0.1456333315047452,0.0011245817104613,0.0033051730758681,0.0078034999177135,16.552083333333336,False
ineq,2024-05-08,/gpfs/radev/pi/saxena/aj764/PairedTestingSessions/052124_EB001R-031B-003B_TimeOut_CNO/Behavioral/processed/lever/052124_Cam3_TrNum8_Coop_EB001R-EB003B_lever.csv,050824_EB007R-005Y-003B_TimeOut_CNO_TrNum9,EB004G-EB007R,,transparent,0.0068639859799435,0.0702341544153441,0.1670479992211079,0.00105880634797,0.0032616103592639,0.0024948885210787,12.333333333333334,False
ineq,2024-05-08,/gpfs/radev/pi/saxena/aj764/PairedTestingSessions/052124_EB007R-005Y-023B_TimeOut_CNO/Behavioral/processed/lever/052124_Cam1_TrNum9_Coop_EB007R-EB005Y_lever.csv,050824_EB007R-005Y-003B_TimeOut_CNO_TrNum8,EB006G-EB007R,,transparent,0.0095325412574414,0.0295521338323578,0.0852277008866896,0.0019843761774383,0.0003893396297505,0.0071462661073572,13.819444444444445,False
ineq,2024-05-08,/gpfs/radev/pi/saxena/aj764/PairedTestingSessions/052124_EB007R-005Y-023B_TimeOut_CNO/Behavioral/processed/lever/052124_Cam1_TrNum7_Coop_EB007R-EB023B_lever.csv,050824_EB007R-005Y-003B_TimeOut_CNO_TrNum11,EB007R-EB008G,,transparent,0.00281925981615,0.1043638724669377,0.1781259611113009,0.0001196049618972,0.00093975327205,0.0016402966203055,9.6375,False
ineq,2024-05-08,/gpfs/radev/pi/saxena/aj764/PairedTestingSessions/052124_EB015R-011Y_019Y_TimeOut_CNO/Behavioral/processed/lever/052124_Cam4_TrNum8_Coop_EB015R-EB011Y_lever.csv,050824_EB021R-023B-019Y_TimeOut_CNO_TrNum11,EB020G-EB021R,,transparent,0.0096060402182851,0.0270987515885475,0.1574842391168922,0.0015324811243178,0.0018315018315018,0.0061174653011387,10.728125,False
ineq,2024-05-08,/gpfs/radev/pi/saxena/aj764/PairedTestingSessions/052124_EB015R-011Y_019Y_TimeOut_CNO/Behavioral/processed/lever/052124_Cam4_TrNum12_Coop_EB015R-EB019Y_lever.csv,050824_EB021R-023B-019Y_TimeOut_CNO_TrNum7,EB021R-EB024G,,transparent,0.004261173893297,0.0572252945419572,0.2604392081429831,4.0073735673639494e-05,0.0002805161497154,0.0034997729154978,7.625,False
ineq,2024-05-08,/gpfs/radev/pi/saxena/aj764/PairedTestingSessions/052324_EB007R-005Y-033Y_TimeOut_VEH/Behavioral/processed/lever/052324_Cam3_TrNum10_Coop_EB007R-EB005Y_lever.csv,050824_EB021R-023B-019Y_TimeOut_CNO_TrNum9,EB021R-EB022G,,transparent,0.0065989724109382,0.0382789100737818,0.1818004723987629,0.0001095770326539,0.001801933425865,0.0046874619524192,13.813636363636363,False
ineq,2024-05-10,/gpfs/radev/pi/saxena/aj764/PairedTestingSessions/052324_EB007R-005Y-033Y_TimeOut_VEH/Behavioral/processed/lever/052324_Cam3_TrNum12_Coop_EB007R-EB033Y_lever.csv,051024_EB011Y-015R-009B_TimeOut_CNO_TrNum12,EB011Y-EB016G,,transparent,0.0021407610525809,0.1454995910905854,0.1961081445133978,0.0001924279597825,0.0,0.0019483330927983,6.916666666666666,False
ineq,2024-05-10,/gpfs/radev/pi/saxena/aj764/PairedTestingSessions/052324_EB015R-011Y_023B_TimeOut_VEH/Behavioral/processed/lever/052324_Cam2_TrNum7_Coop_EB015R-EB023B_lever.csv,051024_EB011Y-015R-009B_TimeOut_CNO_TrNum10,EB011Y-EB012G,,transparent,0.0031833230254302,0.0981918725215556,0.1298795794375523,0.0002910466766107,0.0010004729508494,0.0018918033979699,6.205357142857142,False
ineq,2024-05-10,/gpfs/radev/pi/saxena/aj764/PairedTestingSessions/052324_EB015R-011Y_023B_TimeOut_VEH/Behavioral/processed/lever/052324_Cam2_TrNum12_Coop_EB015R-EB011Y_lever.csv,051024_EB011Y-015R-009B_TimeOut_CNO_TrNum8,EB010G-EB011Y,,transparent,0.005924003497983,0.0885074332139129,0.1425992270585912,0.0005359812688651,0.0014245817935625,0.0038647070439222,7.897826086956522,False
ineq,2024-05-13,/gpfs/radev/pi/saxena/aj764/PairedTestingSessions/052324_EB029R-027Y-003B_TimeOut_VEH/Behavioral/processed/lever/052324_Cam4_TrNum12_Coop_EB029R-EB027Y_lever.csv,051324_EB007R-005Y-009B_TimeOut_VEH_TrNum10,EB007R-EB008G,,transparent,0.0034415899175957,0.1077072224915172,0.2207464857004362,0.0007513330101793,0.0018419777023751,0.0008482792050412,8.229166666666668,False
ineq,2024-05-13,/gpfs/radev/pi/saxena/aj764/PairedTestingSessions/052324_EB029R-027Y-003B_TimeOut_VEH/Behavioral/processed/lever/052324_Cam4_TrNum10_Coop_EB029R-EB003B_lever.csv,051324_EB015R-011Y-003B_TimeOut_VEH_TrNum9,EB004G-EB015R,,transparent,0.004684122027384,0.1102370085675394,0.1646048522699976,0.0013812154696132,0.000220193770518,0.0028024661702298,8.839285714285715,False
ineq,2024-05-13,/gpfs/radev/pi/saxena/aj764/PairedTestingSessions/052424_EB005Y-007R-023B_TimeOut_CNO/Behavioral/processed/lever/052424_Cam1_TrNum9_Coop_EB005Y-EB023B_lever.csv,051324_EB015R-011Y-003B_TimeOut_VEH_TrNum7,EB015R-EB016G,,transparent,0.0039237437856937,0.1410698878343399,0.1647766958379555,0.0003286905789062,0.0003903200624512,0.0025884383088869,7.621794871794872,False
ineq,2024-05-13,/gpfs/radev/pi/saxena/aj764/PairedTestingSessions/052424_EB005Y-007R-023B_TimeOut_CNO/Behavioral/processed/lever/052424_Cam1_TrNum11_Coop_EB005Y-EB007R_lever.csv,051324_EB015R-011Y-003B_TimeOut_VEH_TrNum11,EB012G-EB015R,,transparent,0.0019601658255227,0.1934706200432588,0.1932678442682047,0.0003154289834174,0.000202775775054,0.0014419610670511,8.166666666666666,False
ineq,2024-05-13,/gpfs/radev/pi/saxena/aj764/PairedTestingSessions/052424_EB011Y-015R-003B_TimeOut_CNO/Behavioral/processed/lever/052424_Cam2_TrNum12_Coop_EB011Y-EB015R_lever.csv,051324_EB021R-023B-027Y_TimeOut_VEH_TrNum10,EB021R-EB024G,,transparent,0.0071260652365559,0.0355568615927123,0.1479331961994318,0.0013713390145949,0.0021223103797303,0.0034201848042576,9.87891809908999,False
ineq,2024-05-13,/gpfs/radev/pi/saxena/aj764/PairedTestingSessions/052424_EB011Y-015R-003B_TimeOut_CNO/Behavioral/processed/lever/052424_Cam2_TrNum7_Coop_EB011Y-EB003B_lever.csv,051324_EB021R-023B-027Y_TimeOut_VEH_TrNum8,EB021R-EB028G,,transparent,0.0053068313392512,0.0493294094944037,0.2264810883828637,0.0011699150906985,0.0007477807796217,0.0033529525279814,8.934046345811051,False
ineq,2024-05-13,/gpfs/radev/pi/saxena/aj764/PairedTestingSessions/052424_EB027Y-029R-017B_TimeOut_CNO/Behavioral/processed/lever/052424_Cam3_TrNum12_Coop_EB027Y-EB029R_lever.csv,051324_EB021R-023B-027Y_TimeOut_VEH_TrNum11,EB021R-EB022G,,transparent,0.0063443725415556,0.0400456794822992,0.1116609567313792,0.00057099352874,0.0016622256058875,0.004111153406928,8.5,False
ineq,2024-05-14,/gpfs/radev/pi/saxena/aj764/PairedTestingSessions/052424_EB027Y-029R-017B_TimeOut_CNO/Behavioral/processed/lever/052424_Cam3_TrNum10_Coop_EB027Y-EB017B_lever.csv,051424_EB005Y-007R-009B_TimeOut_VEH_TrNum10,EB005Y-EB006G,,transparent,0.0016438739463467,0.0993319576090378,0.2889545661222062,1.7488020705816516e-05,0.0011542093665838,0.000472176559057,9.4,False
ineq,2024-05-14,/gpfs/radev/pi/saxena/aj764/PairedTestingSessions/052424_EB031B-001R-033Y_TimeOut_CNO/Behavioral/processed/lever/052424_Cam4_TrNum12_Coop_EB031B-EB001R_lever.csv,051424_EB005Y-007R-009B_TimeOut_VEH_TrNum8,EB005Y-EB008G,,transparent,0.0033685826368753,0.1142759679345045,0.3004008186935016,8.528057308545113e-05,0.0018548524646085,0.0014284495991813,5.631578947368421,False
ineq,2024-05-14,/gpfs/radev/pi/saxena/aj764/PairedTestingSessions/052424_EB031B-001R-033Y_TimeOut_CNO/Behavioral/processed/lever/052424_Cam4_TrNum7_Coop_EB031B-EB033Y_lever.csv,051424_EB005Y-007R-009B_TimeOut_VEH_TrNum12,EB005Y-EB010G,,transparent,0.0377727459860024,0.016802181967888,0.0516030259365994,0.0021227871552079,0.0003602305475504,0.0352511321531494,16.62142857142857,False
ineq,2024-05-15,/gpfs/radev/pi/saxena/aj764/PairedTestingSessions/052824_EB005Y-007R-017B_TimeOut_VEH/Behavioral/processed/lever/052824_Cam1_TrNum10_Coop_EB005Y-EB007R_lever.csv,051524_EB007R-005Y-027Y_TimeOut_VEH_TrNum8,EB007R-EB028G,,transparent,0.0035051304143494,0.0995339547270306,0.2151445131980888,0.0008615963029685,0.0002153990757421,0.0024281350356387,9.156565656565656,False
ineq,2024-05-15,/gpfs/radev/pi/saxena/aj764/PairedTestingSessions/052824_EB005Y-007R-017B_TimeOut_VEH/Behavioral/processed/lever/052824_Cam1_TrNum12_Coop_EB005Y-EB017B_lever.csv,051524_EB007R-005Y-027Y_TimeOut_VEH_TrNum10,EB007R-EB008G,,transparent,0.003932175652332,0.0893944904082189,0.2069733612146558,0.0006591508318938,0.0012501136466951,0.002022911173743,8.195454545454545,False
ineq,2024-05-15,/gpfs/radev/pi/saxena/aj764/PairedTestingSessions/052824_EB011Y-015R-023B_TimeOut_VEH/Behavioral/processed/lever/052824_Cam4_TrNum9_Coop_EB011Y-EB023B_lever.csv,051524_EB007R-005Y-027Y_TimeOut_VEH_TrNum12,EB006G-EB007R,,transparent,0.0058699578567128,0.0781693472090823,0.125107508385654,0.0001612625784811,0.0005267910897049,0.0051819041885267,10.63771712158809,False
ineq,2024-05-15,/gpfs/radev/pi/saxena/aj764/PairedTestingSessions/052824_EB011Y-015R-023B_TimeOut_VEH/Behavioral/processed/lever/052824_Cam4_TrNum12_Coop_EB011Y-EB015R_lever.csv,051524_EB015R-011Y_033Y_TimeOut_VEH_TrNum7,EB015R-EB016G,,transparent,0.0022523498072508,0.1525317278121886,0.1637285052193875,0.000216572096851,0.0002382293065361,0.0017975484038636,6.166666666666666,False
ineq,2024-05-15,/gpfs/radev/pi/saxena/aj764/PairedTestingSessions/052824_EB027Y-029R-003B_TimeOut_VEH/Behavioral/processed/lever/052824_Cam2_TrNum11_Coop_EB027Y-EB029R_lever.csv,051524_EB015R-011Y_033Y_TimeOut_VEH_TrNum9,EB015R-EB034G,,transparent,0.0044924203713166,0.1158661216147164,0.1286407766990291,0.0006387327542156,0.000915516947709,0.0029381706693919,9.75,False
ineq,2024-05-15,/gpfs/radev/pi/saxena/aj764/PairedTestingSessions/052824_EB027Y-029R-003B_TimeOut_VEH/Behavioral/processed/lever/052824_Cam2_TrNum9_Coop_EB027Y-EB003B_lever.csv,051524_EB015R-011Y_033Y_TimeOut_VEH_TrNum11,EB012G-EB015R,,transparent,0.0019694495148429,0.2050148909597463,0.1891632241329618,0.0002161590930925,0.0006965126332981,0.0009607070804111,5.444444444444444,False
ineq,2024-05-15,/gpfs/radev/pi/saxena/aj764/PairedTestingSessions/052824_EB031B-001R-019Y_TimeOut_VEH/Behavioral/processed/lever/052824_Cam3_TrNum12_Coop_EB031B-EB019Y_lever.csv,051524_EB021R-023B-009B_TimeOut_VEH_TrNum11,EB021R-EB022G,,transparent,0.0158318639610292,0.0306849765398523,0.1203864200113565,0.0008666806132512,0.0020621021487702,0.0125369833537551,14.605555555555554,False
ineq,2024-05-15,/gpfs/radev/pi/saxena/aj764/PairedTestingSessions/052824_EB031B-001R-019Y_TimeOut_VEH/Behavioral/processed/lever/052824_Cam3_TrNum10_Coop_EB031B-EB001R_lever.csv,051524_EB021R-023B-009B_TimeOut_VEH_TrNum8,EB010G-EB021R,,transparent,0.0195117923879241,0.0190439496931502,0.0896193962077221,0.0007980845969672,0.0035363403693205,0.0151773674216363,17.76424287856072,False
ineq,2024-05-15,/gpfs/radev/pi/saxena/aj764/PairedTestingSessions/052924_EB001R-031B-033Y_TimeOut_CNO/Behavioral/processed/lever/052924_Cam2_TrNum8_Coop_EB001R-EB031B_lever.csv,051524_EB021R-023B-009B_TimeOut_VEH_TrNum10,EB021R-EB024G,,transparent,0.007320952425504,0.016302568180755,0.1950811619965383,0.0,0.0022454039388127,0.0050404640501473,8.90133779264214,False
ineq,2024-05-21,/gpfs/radev/pi/saxena/aj764/PairedTestingSessions/052924_EB007R-005Y-019Y_TimeOut_CNO/Behavioral/processed/lever/052924_Cam4_TrNum10_Coop_EB007R-EB019Y_lever.csv,052124_EB001R-031B-003B_TimeOut_CNO_TrNum7,EB001R-EB032G,,transparent,0.0265056304041825,0.0360697767946913,0.0509501307058113,0.0028529056907299,0.0056932435149808,0.0177583953348079,19.304276315789473,False
ineq,2024-05-21,/gpfs/radev/pi/saxena/aj764/PairedTestingSessions/052924_EB015R-011Y_017B_TimeOut_CNO/Behavioral/processed/lever/052924_Cam3_TrNum10_Coop_EB015R-EB017B_lever.csv,052124_EB001R-031B-003B_TimeOut_CNO_TrNum11,EB001R-EB004G,,transparent,0.0123941632138353,0.053467843631778,0.0688884885606197,0.0003422806701495,0.0008286795172041,0.0111151143938029,16.46875,False
ineq,2024-05-21,/gpfs/radev/pi/saxena/aj764/PairedTestingSessions/052924_EB015R-011Y_017B_TimeOut_CNO/Behavioral/processed/lever/052924_Cam3_TrNum12_Coop_EB015R-EB011Y_lever.csv,052124_EB001R-031B-003B_TimeOut_CNO_TrNum9,EB001R-EB002G,,transparent,0.0049554677559766,0.0456204379562043,0.1486807741244224,0.0004520190182816,0.000619433469497,0.0038840152681979,8.559027777777779,False
ineq,2024-05-21,/gpfs/radev/pi/saxena/aj764/PairedTestingSessions/052924_EB029R-027Y-023B_TimeOut_CNO/Behavioral/processed/lever/052924_Cam1_TrNum10_Coop_EB029R-EB023B_lever.csv,052124_EB015R-011Y_019Y_TimeOut_CNO_TrNum9,EB015R-EB020G,,transparent,0.0225932873316808,0.0577979500234474,0.1203356334159576,0.0030481677497152,0.0026294633884906,0.0169156561934749,19.574568965517244,False
ineq,2024-05-21,/gpfs/radev/pi/saxena/aj764/PairedTestingSessions/052924_EB029R-027Y-023B_TimeOut_CNO/Behavioral/processed/lever/052924_Cam1_TrNum7_Coop_EB029R-EB027Y_lever.csv,052124_EB015R-011Y_019Y_TimeOut_CNO_TrNum7,EB012G-EB015R,,transparent,0.0170434519913398,0.0460953627712602,0.1754821005991642,0.0002139872111172,0.0026559589144554,0.014173505865767,13.326673326673326,False
ineq,2024-05-21,/gpfs/radev/pi/saxena/aj764/PairedTestingSessions/053124_EB005Y-007R-003B_TimeOut_CNO/Behavioral/processed/lever/053124_Cam2_TrNum12_Coop_EB005Y-EB003B_lever.csv,052124_EB015R-011Y_019Y_TimeOut_CNO_TrNum11,EB015R-EB016G,,transparent,0.0041945704615827,0.0497047598473392,0.1071505724778569,3.600489666594657e-05,0.0005580758983221,0.0027903794916108,7.931372549019608,False
ineq,2024-05-23,/gpfs/radev/pi/saxena/aj764/PairedTestingSessions/053124_EB011Y-015R-017B_TimeOut_CNO/Behavioral/processed/lever/053124_Cam4_TrNum8_Coop_EB011Y-EB015R_lever.csv,052324_EB007R-005Y-033Y_TimeOut_VEH_TrNum11,EB007R-EB034G,,transparent,0.0042199939534414,0.0726972689710773,0.1093545298800765,0.000214148946891,0.0013100876750982,0.0026957573314521,9.608333333333334,False
ineq,2024-05-23,/gpfs/radev/pi/saxena/aj764/PairedTestingSessions/053124_EB011Y-015R-017B_TimeOut_CNO/Behavioral/processed/lever/053124_Cam4_TrNum10_Coop_EB011Y-EB017B_lever.csv,052324_EB007R-005Y-033Y_TimeOut_VEH_TrNum8,EB007R-EB008G,,transparent,0.0026171782060433,0.0913157268617654,0.2614085177254342,0.0010468712824173,0.0004520580537711,0.0011182488698548,12.5,False
ineq,2024-05-23,/gpfs/radev/pi/saxena/aj764/PairedTestingSessions/053124_EB027Y-029R-023B_TimeOut_CNO/Behavioral/processed/lever/053124_Cam1_TrNum12_Coop_EB027Y-EB003B_lever.csv,052324_EB007R-005Y-033Y_TimeOut_VEH_TrNum9,EB006G-EB007R,,transparent,0.0037469263494789,0.0662152140821982,0.1782131844970922,0.0005269115178954,0.0004098200694742,0.0028101947621092,6.833333333333334,False
ineq,2024-05-23,/gpfs/radev/pi/saxena/aj764/PairedTestingSessions/053124_EB027Y-029R-023B_TimeOut_CNO/Behavioral/processed/lever/053124_Cam1_TrNum7_Coop_EB027Y-EB029R_lever.csv,052324_EB015R-011Y_023B_TimeOut_VEH_TrNum8,EB015R-EB016G,,transparent,0.0136744984916213,0.0503600290665668,0.1304912690198841,0.000231211327153,0.002224032765948,0.0112192543985202,13.764559482329517,False
ineq,2024-05-23,/gpfs/radev/pi/saxena/aj764/PairedTestingSessions/053124_EB031B-001R-033Y_TimeOut_CNO/Behavioral/processed/lever/053124_Cam3_TrNum7_Coop_EB031B-EB001R_lever.csv,052324_EB015R-011Y_023B_TimeOut_VEH_TrNum11,EB015R-EB024G,,transparent,0.0042488807826231,0.079796053722434,0.1608149560603548,0.0,0.0007668711656441,0.0034820096169789,8.12142857142857,False
ineq,2024-05-23,/gpfs/radev/pi/saxena/aj764/PairedTestingSessions/053124_EB031B-001R-033Y_TimeOut_CNO/Behavioral/processed/lever/053124_Cam3_TrNum12_Coop_EB031B-EB033Y_lever.csv,052324_EB015R-011Y_023B_TimeOut_VEH_TrNum9,EB012G-EB015R,,transparent,0.0087249831346975,0.0554643579941533,0.1062514054418709,0.0001574094895435,0.0009557004722284,0.0076118731729255,9.824509803921568,False
ineq,2024-05-23,/gpfs/radev/pi/saxena/aj764/PairedTestingSessions/090324_FiberPho_KL002B-KL003_TimeOut/Behavioral/processed/lever/090324_Cam1_TrNum14_Coop_KL002B-KL002Y_lever.csv,052324_EB029R-027Y-003B_TimeOut_VEH_TrNum8,EB028G-EB029R,,transparent,0.0054949790975304,0.0321617894237814,0.3116084127052536,0.0,0.0022949618583803,0.0031892427703314,10.95,False
ineq,2024-05-23,/gpfs/radev/pi/saxena/aj764/PairedTestingSessions/090924_FiberPho_KL007G-KL002_TimeOut/Behavioral/processed/lever/090924_Cam1_TrNum10_Coop_KL007G-KL002Y_lever.csv,052324_EB029R-027Y-003B_TimeOut_VEH_TrNum9,EB029R-EB030G,,transparent,0.0069008476439406,0.022119354129516,0.1910008061167159,0.000586266702494,0.0016610889903998,0.0045557808339643,10.712857142857143,False
ineq,2024-05-23,/gpfs/radev/pi/saxena/aj764/PairedTestingSessions/090924_FiberPho_KL007G-KL002_TimeOut/Behavioral/processed/lever/090924_Cam1_TrNum8_Coop_KL007G-KL007Y_lever.csv,052324_EB029R-027Y-003B_TimeOut_VEH_TrNum11,EB004G-EB029R,,transparent,0.0044449717967908,0.0435826290137091,0.243241269783319,0.0011226520143845,0.0009583614756941,0.0023457038024132,13.14327485380117,False
ineq,2024-05-24,/gpfs/radev/pi/saxena/aj764/PairedTestingSessions/090924_FiberPho_KL008B-KL003_TimeOut/Behavioral/processed/lever/090924_Cam2_TrNum14_Coop_KL008B-KL002Y_lever.csv,052424_EB005Y-007R-023B_TimeOut_CNO_TrNum12,EB005Y-EB024G,,transparent,0.0020864946889226,0.126938964761423,0.2451736638003709,0.0004425897824987,0.0005058168942842,0.0011380880121396,5.9603174603174605,False
ineq,2024-05-24,/gpfs/radev/pi/saxena/aj764/PairedTestingSessions/091024_FiberPho_KL007Y-KL002_TimeOut/Behavioral/processed/lever/091024_Cam1_TrNum8_Coop_KL007Y-KL007G_lever.csv,052424_EB005Y-007R-023B_TimeOut_CNO_TrNum10,EB005Y-EB008G,,transparent,0.0053145377106026,0.1140552561154875,0.2401153367758471,0.0014322867588858,0.0007915268930684,0.0030341864234291,9.352941176470587,False
ineq,2024-05-24,/gpfs/radev/pi/saxena/aj764/PairedTestingSessions/091024_FiberPho_KL007Y-KL002_TimeOut/Behavioral/processed/lever/091024_Cam1_TrNum14_Coop_KL007Y-KL002B_lever.csv,052424_EB005Y-007R-023B_TimeOut_CNO_TrNum8,EB005Y-EB006G,,transparent,0.0025380710659898,0.1411030319659761,0.27834179357022,0.0006859651529702,0.0005716376274751,0.0012804682855444,7.455555555555556,False
ineq,2024-05-24,/gpfs/radev/pi/saxena/aj764/PairedTestingSessions/091124_FiberPho_KL002Y-KL005_TimeOut/Behavioral/processed/lever/091124_Cam1_TrNum8_Coop_KL002Y-KL002B_lever.csv,052424_EB027Y-029R-017B_TimeOut_CNO_TrNum11,EB027Y-EB030G,,transparent,0.0056659931188902,0.1158183605483043,0.1565179400360439,0.0002457539184096,0.0035770848124078,0.0018431543880727,9.4375,False
ineq,2024-05-28,/gpfs/radev/pi/saxena/aj764/PairedTestingSessions/091124_FiberPho_KL002Y-KL005_TimeOut/Behavioral/processed/lever/091124_Cam1_TrNum14_Coop_KL002Y-KL005B_lever.csv,052824_EB005Y-007R-017B_TimeOut_VEH_TrNum7,EB005Y-EB018G,,transparent,0.0043267566632052,0.1476505711318795,0.1942713741779162,0.0003677743163724,0.0009735202492211,0.0027907580477673,9.463157894736842,False
ineq,2024-05-28,/gpfs/radev/pi/saxena/aj764/PairedTestingSessions/091224_FiberPho_KL002B-KL005_TimeOut_NoTTL/Behavioral/processed/lever/091224_Cam1_TrNum14_Coop_KL002B-KL002Y_lever.csv,052824_EB005Y-007R-017B_TimeOut_VEH_TrNum9,EB005Y-EB006G,,transparent,0.0018771618999409,0.1292710706150341,0.2395385134565089,0.0008225765628954,0.0003796507213363,0.0006749346157091,4.458333333333334,False
ineq,2024-05-28,/gpfs/radev/pi/saxena/aj764/PairedTestingSessions/091224_FiberPho_KL002B-KL005_TimeOut_NoTTL/Behavioral/processed/lever/091224_Cam1_TrNum8_Coop_KL002B-KL005Y_lever.csv,052824_EB005Y-007R-017B_TimeOut_VEH_TrNum11,EB005Y-EB008G,,transparent,0.0017206830458267,0.1390050531451472,0.1975518382993553,0.000348492768775,6.534239414532148e-05,0.0013068478829064,5.346153846153847,False
ineq,2024-05-28,/gpfs/radev/pi/saxena/aj764/PairedTestingSessions/091324_FiberPho_KL005Y_KL007_TimeOut/Behavioral/processed/lever/091324_Cam2_TrNum10_Coop_KL005Y-KL005B_lever.csv,052824_EB011Y-015R-023B_TimeOut_VEH_TrNum10,EB011Y-EB012G,,transparent,0.0031651990423243,0.0576228543602645,0.2945461185732256,0.0,0.000994197135089,0.0021507121697845,5.547794117647059,False
ineq,2024-05-28,/gpfs/radev/pi/saxena/aj764/PairedTestingSessions/091324_FiberPho_KL006G-KL002_TimeOut/Behavioral/processed/lever/091324_Cam1_TrNum8_Coop_KL006G-KL006R_lever.csv,052824_EB011Y-015R-023B_TimeOut_VEH_TrNum11,EB011Y-EB016G,,transparent,0.0029808797853766,0.0492909764510497,0.3415236554102968,0.0,0.0023208278329003,0.0006600519524762,8.62857142857143,False
ineq,2024-05-29,/gpfs/radev/pi/saxena/aj764/PairedTestingSessions/091324_FiberPho_KL006G-KL002_TimeOut/Behavioral/processed/lever/091324_Cam1_TrNum12_Coop_KL006G-KL002Y_lever.csv,052924_EB001R-031B-033Y_TimeOut_CNO_TrNum7,EB001R-EB034G,,transparent,0.0009445303108363,0.10645285935085,0.1791172934913275,0.0,6.439979392065946e-05,0.0008801305169156,4.25,False
ineq,2024-05-29,/gpfs/radev/pi/saxena/aj764/PairedTestingSessions/091624_FiberPho_KL003B-KL005_TimeOut/Behavioral/processed/lever/091624_Cam2_TrNum8_Coop_KL003B-KL005Y_lever.csv,052924_EB001R-031B-033Y_TimeOut_CNO_TrNum9,EB001R-EB002G,,transparent,0.0091871473208039,0.1068763699109266,0.1067947581961479,0.001410716784032,0.0029846569976216,0.0047917735391503,14.417771883289124,False
ineq,2024-05-29,/gpfs/radev/pi/saxena/aj764/PairedTestingSessions/091624_FiberPho_KL006G-KL007_TimeOut/Behavioral/processed/lever/091624_Cam1_TrNum14_Coop_KL006G-KL007Y_lever.csv,052924_EB007R-005Y-019Y_TimeOut_CNO_TrNum9,EB006G-EB007R,,transparent,0.0019266447837876,0.0915037343608772,0.4259074259074259,0.0,0.0010703582132153,0.0008562865705722,7.977272727272727,False
ineq,2024-05-29,/gpfs/radev/pi/saxena/aj764/PairedTestingSessions/091624_FiberPho_KL006G-KL007_TimeOut/Behavioral/processed/lever/091624_Cam1_TrNum8_Coop_KL006G-KL006R_lever.csv,052924_EB007R-005Y-019Y_TimeOut_CNO_TrNum11,EB007R-EB008G,,transparent,0.0026637292209092,0.0663729220909273,0.4577208091327859,4.005607850991388e-05,0.0020628880432605,0.0005607850991387,6.222222222222222,False
ineq,2024-05-29,/gpfs/radev/pi/saxena/aj764/PairedTestingSessions/091624_FiberPho_KL006G-KL007_TimeOut/Behavioral/processed/lever/091624_Cam1_TrNum12_Coop_KL006G-KL005Y_lever.csv,052924_EB007R-005Y-019Y_TimeOut_CNO_TrNum7,EB007R-EB020G,,transparent,0.0035547928413826,0.0633120862956607,0.345080493585029,0.0001430089074119,0.0003268775026558,0.0030849064313148,8.345454545454546,False
ineq,2024-05-29,/gpfs/radev/pi/saxena/aj764/PairedTestingSessions/091724_FiberPho_KL003G-KL006_TimeOut/Behavioral/processed/lever/091724_Cam1_TrNum10_Coop_KL003G-KL002Y_lever.csv,052924_EB015R-011Y_017B_TimeOut_CNO_TrNum9,EB015R-EB016G,,transparent,0.0023743016759776,0.1056797020484171,0.2818202979515828,0.0001396648044692,0.0016294227188081,0.0006052141527001,7.083333333333334,False
ineq,2024-05-29,/gpfs/radev/pi/saxena/aj764/PairedTestingSessions/091724_FiberPho_KL003G-KL006_TimeOut/Behavioral/processed/lever/091724_Cam1_TrNum8_Coop_KL003G-KL006R_lever.csv,052924_EB015R-011Y_017B_TimeOut_CNO_TrNum11,EB012G-EB015R,,transparent,0.0068915749594082,0.1125202958686631,0.1820313909435323,0.0,0.0010463647844127,0.0058452101749954,15.41212121212121,False
ineq,2024-05-29,/gpfs/radev/pi/saxena/aj764/PairedTestingSessions/091724_FiberPho_KL004G-KL002_TimeOut/Behavioral/processed/lever/091724_Cam2_TrNum14_Coop_KL004G-KL002Y_lever.csv,052924_EB015R-011Y_017B_TimeOut_CNO_TrNum8,EB015R-EB018G,,transparent,0.005102604723133,0.1264782816932542,0.183564823343035,0.0005526286703754,0.0017868327008805,0.0023947242382934,10.910714285714285,False
ineq,2024-05-31,/gpfs/radev/pi/saxena/aj764/PairedTestingSessions/091724_FiberPho_KL004G-KL002_TimeOut/Behavioral/processed/lever/091724_Cam2_TrNum11_Coop_KL004G-KL006R_lever.csv,053124_EB005Y-007R-003B_TimeOut_CNO_TrNum10,EB005Y-EB008G,,transparent,0.0015227189669874,0.1205181305071669,0.3369269500954237,0.0003654525520769,0.0005887846672351,0.0005684817476753,6.25,False
ineq,2024-05-31,/gpfs/radev/pi/saxena/aj764/PairedTestingSessions/091824_FiberPho_KL006G-KL003_TimeOut/Behavioral/processed/lever/091824_Cam1_TrNum8_Coop_KL006G-KL006R_lever.csv,053124_EB011Y-015R-017B_TimeOut_CNO_TrNum9,EB011Y-EB012G,,transparent,0.0045628043697626,0.0790593603299258,0.3176852542447242,0.0,0.0037511516693721,0.0008116527003904,28.210526315789473,False
ineq,2024-05-31,/gpfs/radev/pi/saxena/aj764/PairedTestingSessions/091924_FiberPho_KL003B-KL004_TimeOut/Behavioral/processed/lever/091924_Cam1_TrNum8_Coop_KL003B-KL001Y_lever.csv,053124_EB011Y-015R-017B_TimeOut_CNO_TrNum7,EB011Y-EB016G,,transparent,0.0030132406633528,0.0735494655346852,0.3637003475124268,0.000241939031364,0.0019795011657062,0.0007258170940922,7.6625,False
ineq,2024-05-31,/gpfs/radev/pi/saxena/aj764/PairedTestingSessions/092424_FiberPho_KL002B-KL001_TimeOut/Behavioral/processed/lever/092424_Cam1_TrNum8_Coop_KL002B-KL002Y_lever.csv,053124_EB027Y-029R-023B_TimeOut_CNO_TrNum8,EB004G-EB027Y,,transparent,0.0023770152955766,0.1232603003996141,0.3226195397547196,0.0,0.0017741490974231,0.0006028661981535,8.772727272727273,False
ineq,2024-05-31,/gpfs/radev/pi/saxena/aj764/PairedTestingSessions/092424_FiberPho_KL002B-KL001_TimeOut/Behavioral/processed/lever/092424_Cam1_TrNum14_Coop_KL002B-KL006R_lever.csv,053124_EB027Y-029R-023B_TimeOut_CNO_TrNum10,EB027Y-EB030G,,transparent,0.0041458702302366,0.129327000483014,0.2651746900660119,4.025116728385123e-05,0.0026364514570922,0.0014691676058605,13.5625,False
ineq,2024-05-31,/gpfs/radev/pi/saxena/aj764/PairedTestingSessions/092424_FiberPho_KL005Y-KL008_TimeOut/Behavioral/processed/lever/092424_Cam2_TrNum14_Coop_KL005Y-KL005B_lever.csv,053124_EB027Y-029R-023B_TimeOut_CNO_TrNum11,EB027Y-EB028G,,transparent,0.003334391870435,0.1116386154334709,0.284360114322007,0.0014925373134328,0.0001429025087329,0.0016989520482692,10.5,False
ineq,2024-09-03,/gpfs/radev/pi/saxena/aj764/PairedTestingSessions/092524_FiberPho_KL005Y-KL003_2X_TimeOut/Behavioral/processed/lever/092524_Cam1_TrNum10_Coop_KL005Y-KL005B_lever.csv,090324_FiberPho_KL002B-KL003_TimeOut_TrNum11,KL002B-KL003R,,transparent,0.0073783802866624,0.1387417919932217,0.19736284685448,1.7651627480053662e-05,0.0021711501800466,0.0051895784791357,9.578125,True
ineq,2024-09-03,/gpfs/radev/pi/saxena/aj764/PairedTestingSessions/092524_FiberPho_KL006G-KL002_2X_TimeOut/Behavioral/processed/lever/092524_Cam2_TrNum14_Coop_KL006G-KL002Y_lever.csv,090324_FiberPho_KL002B-KL003_TimeOut_TrNum9,KL002B-KL002R,,transparent,0.0041802610114192,0.1618066884176182,0.1873572593800978,0.0007748776508972,0.0003670473083197,0.0029975530179445,9.0625,True
ineq,2024-09-09,/gpfs/radev/pi/saxena/aj764/PairedTestingSessions/092524_FiberPho_KL006G-KL002_2X_TimeOut/Behavioral/processed/lever/092524_Cam2_TrNum12_Coop_KL006G-KL006R_lever.csv,090924_FiberPho_KL007G-KL002_TimeOut_TrNum9,KL002R-KL007G,,transparent,0.0033674232975804,0.0823563648457637,0.2240167955433607,0.0009977550511349,0.0003117984534796,0.0020578697929658,7.047794117647059,True
ineq,2024-09-09,/gpfs/radev/pi/saxena/aj764/PairedTestingSessions/092624_FiberPho_KL002B-KL006_2X_TimeOut/Behavioral/processed/lever/092624_Cam2_TrNum14_Coop_KL002B-KL006R_lever.csv,090924_FiberPho_KL007G-KL002_TimeOut_TrNum11,KL007G-KL007R,,transparent,0.0015455594002306,0.1041061130334486,0.2005767012687428,0.0001384083044982,0.0003229527104959,0.0010841983852364,10.3125,True
ineq,2024-09-09,/gpfs/radev/pi/saxena/aj764/PairedTestingSessions/092624_FiberPho_KL002B-KL006_2X_TimeOut/Behavioral/processed/lever/092624_Cam2_TrNum12_Coop_KL002B-KL002Y_lever.csv,090924_FiberPho_KL008B-KL003_TimeOut_TrNum11,KL003R-KL008B,,transparent,0.011502724917359,0.0228937728937728,0.040159027963906,0.0001786831055123,0.0009157509157509,0.0102966139551505,13.087797619047619,True
ineq,2024-09-09,/gpfs/radev/pi/saxena/aj764/PairedTestingSessions/092624_FiberPho_KL003B-KL005_2X_TimeOut/Behavioral/processed/lever/092624_Cam1_TrNum12_Coop_KL003B-KL001Y_lever.csv,090924_FiberPho_KL008B-KL003_TimeOut_TrNum13,KL008B-KL008Y,,transparent,0.0075594868026903,0.0270022042615723,0.0506838862827106,0.0002684677556095,0.0008619227943254,0.0064290962527553,10.938333333333333,True
ineq,2024-09-09,/gpfs/radev/pi/saxena/aj764/PairedTestingSessions/092624_FiberPho_KL003B-KL005_2X_TimeOut/Behavioral/processed/lever/092624_Cam1_TrNum10_Coop_KL003B-KL005Y_lever.csv,090924_FiberPho_KL008B-KL003_TimeOut_TrNum9,KL003Y-KL008B,,transparent,0.0075641725832878,0.0304341889677771,0.0603222282905516,0.0001228836701256,0.0029082468596395,0.0044647733478973,11.693957115009747,True
ineq,2024-09-10,/gpfs/radev/pi/saxena/aj764/PairedTestingSessions/092724_FiberPho_KL007Y_KL003_TimeOut/Behavioral/processed/lever/092724_Cam2_TrNum11_Coop_KL007Y-KL003G_lever.csv,091024_FiberPho_KL007Y-KL002_TimeOut_TrNum9,KL007B-KL007Y,,transparent,0.0023742197086912,0.1168969748706183,0.3408472496398655,0.0001333831297017,0.0002400896334631,0.0020007469455263,5.388888888888889,True
ineq,2024-09-11,/gpfs/radev/pi/saxena/aj764/PairedTestingSessions/092724_FiberPho_KL007Y_KL003_TimeOut/Behavioral/processed/lever/092724_Cam2_TrNum15_Coop_KL007Y-KL003B_lever.csv,091124_FiberPho_KL007Y-KL004_TimeOut_TrNum9,KL004B-KL007Y,,transparent,0.0084330080789004,0.085366173538978,0.1312427866960445,0.001180358829084,0.0020459553037456,0.0052066939460707,9.489921612541995,True
ineq,2024-09-12,/gpfs/radev/pi/saxena/aj764/PairedTestingSessions/092724_FiberPho_KL008G_KL002_TimeOut/Behavioral/processed/lever/092724_Cam1_TrNum9_Coop_KL008G-KL006R_lever.csv,091224_FiberPho_KL002B-KL005_TimeOut_NoTTL_TrNum11,KL002B-KL005R,,transparent,0.0033576307180164,0.1635481834356884,0.241118062331401,0.0013487918268954,0.0,0.0020088388911209,6.708333333333334,True
ineq,2024-09-12,/gpfs/radev/pi/saxena/aj764/PairedTestingSessions/093024_FiberPho_KL004G-KL001_TimeOut/Behavioral/processed/lever/093024_Cam2_TrNum13_Coop_KL004G-KL001Y_lever.csv,091224_FiberPho_KL002B-KL005_TimeOut_NoTTL_TrNum9,KL002B-KL002R,,transparent,0.007060069424016,0.1757957286579984,0.2397776078131435,5.883391186680002e-05,0.0007648408542684,0.0062363946578808,10.935897435897436,True
ineq,2024-09-13,/gpfs/radev/pi/saxena/aj764/PairedTestingSessions/093024_FiberPho_KL007Y_KL003_2X_TimeOut/Behavioral/processed/lever/093024_Cam1_TrNum9_Coop_KL007Y-KL003G_lever.csv,091324_FiberPho_KL005Y_KL007_TimeOut_TrNum11,KL005Y-KL007B,,transparent,0.0045700801010403,0.1084853923621497,0.2197294512580184,6.647389237876824e-05,0.0011799115897231,0.0033236946189384,13.041666666666666,True
ineq,2024-09-16,/gpfs/radev/pi/saxena/aj764/PairedTestingSessions/093024_FiberPho_KL007Y_KL003_2X_TimeOut/Behavioral/processed/lever/093024_Cam1_TrNum14_Coop_KL007Y-KL003B_lever.csv,091624_FiberPho_KL003B-KL005_TimeOut_TrNum13,KL003B-KL003Y,,transparent,0.0033362895392541,0.1319734786097386,0.1856286160733139,4.223151315511635e-05,0.0006968199670594,0.0025338907893069,7.2142857142857135,True
ineq,2024-09-16,/gpfs/radev/pi/saxena/aj764/PairedTestingSessions/100224_FiberPho_KL002Y-KL003_TimeOut/Behavioral/processed/lever/100224_Cam2_TrNum12_Coop_KL002Y-KL002B_lever.csv,091624_FiberPho_KL003B-KL005_TimeOut_TrNum9,KL003B-KL003R,,transparent,0.0041606693055055,0.1226610291471752,0.1619512414537603,0.000269881252249,0.0002024109391867,0.0036883771140698,7.46875,True
ineq,2024-09-17,/gpfs/radev/pi/saxena/aj764/PairedTestingSessions/100224_FiberPho_KL002Y-KL003_TimeOut/Behavioral/processed/lever/100224_Cam2_TrNum10_Coop_KL002Y-KL003B_lever.csv,091724_FiberPho_KL003G-KL006_TimeOut_TrNum13,KL003G-KL003R,,transparent,0.0016558360409897,0.0916333416645838,0.2951137215696076,9.372656835791052e-05,0.0007498125468632,0.0004686328417895,4.979166666666666,True
ineq,2024-09-17,/gpfs/radev/pi/saxena/aj764/PairedTestingSessions/100224_FiberPho_KL006G-KL008_TimeOut/Behavioral/processed/lever/100224_Cam1_TrNum12_Coop_KL006G-KL006R_lever.csv,091724_FiberPho_KL003G-KL006_TimeOut_TrNum11,KL003G-KL006Y,,transparent,0.0020373150332404,0.0954589320180141,0.2498123525627278,0.0015279862749303,8.04203302594896e-05,0.0004289084280506,9.1,True
ineq,2024-09-17,/gpfs/radev/pi/saxena/aj764/PairedTestingSessions/100324_FiberPho_KL002B_TimeOut_Opaque/Behavioral/processed/lever/100324_Cam1_TrNum5_Coop_KL002B-KL002Y_lever.csv,091724_FiberPho_KL004G-KL002_TimeOut_TrNum9,KL002R-KL004G,,transparent,0.001473562554175,0.1520369835307714,0.2425021670037561,0.0,0.0002311470673215,0.0011846287200231,4.553571428571429,True
ineq,2024-09-17,/gpfs/radev/pi/saxena/aj764/PairedTestingSessions/100324_FiberPho_KL005Y_TimeOut_Opaque/Behavioral/processed/lever/100324_Cam1_TrNum6_Coop_KL005Y-KL005B_lever.csv,091724_FiberPho_KL004G-KL002_TimeOut_TrNum12,KL004G-KL004Y,,transparent,0.0086436964748058,0.130511850229038,0.1985261900019916,0.0041824337781318,0.0016530571599283,0.0028082055367456,13.21875,True
ineq,2024-09-18,/gpfs/radev/pi/saxena/aj764/PairedTestingSessions/100324_FiberPho_KL006G_TimeOut_Opaque/Behavioral/processed/lever/100324_Cam2_TrNum6_Coop_KL006G-KL006R_lever.csv,091824_FiberPho_KL006G-KL003_TimeOut_TrNum13,KL006G-KL006Y,,transparent,0.0076528368274446,0.0788887259932561,0.1870400234569711,0.0023163758979621,0.000234569711186,0.0051018912182964,10.687840290381125,True
ineq,2024-09-18,/gpfs/radev/pi/saxena/aj764/Training_COOPERATION/040124/Behavioral/processed/lever/040124_COOPTRAIN_LARGEARENA_KL005B-KL005Y_Camera1_lever.csv,091824_FiberPho_KL006G-KL003_TimeOut_TrNum9,KL003R-KL006G,,transparent,0.0064496977547495,0.1713352763385146,0.2615770725388601,0.0020509499136442,0.0015382124352331,0.0024287564766839,14.674603174603174,True
ineq,2024-09-18,/gpfs/radev/pi/saxena/aj764/Training_COOPERATION/040124/Behavioral/processed/lever/040124_COOPTRAIN_LARGEARENA_KL002B-KL002Y_Camera2_lever.csv,091824_FiberPho_KL008G-KL001_TimeOut_TrNum13,KL008G-KL008Y,,transparent,0.0055119176598049,0.0550379198266522,0.1686890574214518,0.0003521126760563,0.0006365113759479,0.0045232936078006,8.290404040404042,True
ineq,2024-09-19,/gpfs/radev/pi/saxena/aj764/Training_COOPERATION/040124/Behavioral/processed/lever/040124_COOPTRAIN_LARGEARENA_KL006R-KL006G_Camera2_lever.csv,091924_FiberPho_KL003B-KL004_TimeOut_TrNum11,KL003B-KL004Y,,transparent,0.0030927835051546,0.1514857489387507,0.2096422073984233,3.0321406913280777e-05,0.0019405700424499,0.0011218920557913,6.55,True
ineq,2024-09-19,/gpfs/radev/pi/saxena/aj764/Training_COOPERATION/040124/Behavioral/processed/lever/040124_COOPTRAIN_LARGEARENA_KL004R-KL004G_Camera4_lever.csv,091924_FiberPho_KL003B-KL004_TimeOut_TrNum9,KL003B-KL003Y,,transparent,0.0013806287170773,0.1474440668365902,0.3651231945624469,0.0,0.0,0.0013806287170773,4.633333333333333,True
ineq,2024-09-19,/gpfs/radev/pi/saxena/aj764/Training_COOPERATION/040224/Behavioral/processed/lever/040224_COOPTRAIN_LARGEARENA_KL002B-KL002Y_Camera2_lever.csv,091924_FiberPho_KL003B-KL004_TimeOut_TrNum13,KL003B-KL003R,,transparent,0.0036816162599647,0.1781780563500274,0.2867705227286558,0.0015517556137041,0.0014909024523824,0.0006389581938781,7.75,True
ineq,2024-09-24,/gpfs/radev/pi/saxena/aj764/Training_COOPERATION/040224/Behavioral/processed/lever/040224_COOPTRAIN_LARGEARENA_KL004R-KL004G_Camera4_lever.csv,092424_FiberPho_KL002B-KL001_TimeOut_TrNum13,KL001R-KL002B,,transparent,0.0086306098964326,0.1393655876319607,0.2256716865962875,0.0025516585780757,0.0011257317256216,0.0025766748386451,17.61111111111111,True
ineq,2024-09-24,/gpfs/radev/pi/saxena/aj764/Training_COOPERATION/040224/Behavioral/processed/lever/040224_COOPTRAIN_LARGEARENA_KL005B-KL005Y_Camera1_lever.csv,092424_FiberPho_KL002B-KL001_TimeOut_TrNum11,KL002B-KL002R,,transparent,0.0075599709231887,0.1247152895565786,0.1511509571117034,0.0007269202810758,0.0016234552944027,0.0040222922219529,8.75,True
ineq,2024-09-25,/gpfs/radev/pi/saxena/aj764/Training_COOPERATION/040224/Behavioral/processed/lever/040224_COOPTRAIN_LARGEARENA_KL006R-KL006G_Camera2_lever.csv,092524_FiberPho_KL005Y-KL003_2X_TimeOut_TrNum13,KL005R-KL005Y,,transparent,0.0119894990392162,0.019039757503586,0.209626782862865,0.0004600936425884,0.0006360118000487,0.010893393596579,12.305555555555555,True
ineq,2024-09-25,/gpfs/radev/pi/saxena/aj764/Training_COOPERATION/040224/Behavioral/processed/lever/040224_COOPTRAIN_LARGEARENA_KL001B-KL001Y_Camera1_lever.csv,092524_FiberPho_KL006G-KL002_2X_TimeOut_TrNum11,KL006G-KL006Y,,transparent,0.0129666336306574,0.0318613955878574,0.03244870241897,0.0011746136622251,0.000137650038542,0.0116543699298902,14.273279352226721,True
ineq,2024-09-25,/gpfs/radev/pi/saxena/aj764/Training_COOPERATION/040324/Behavioral/processed/lever/040324_COOPTRAIN_LARGEARENA_KL006R-KL006G_Camera2_lever.csv,092524_FiberPho_KL006G-KL002_2X_TimeOut_TrNum13,KL002R-KL006G,,transparent,0.0033612067552057,0.1461441766409794,0.1587418702519538,0.0002186150735093,0.0005192107995846,0.0025687271137344,5.088461538461538,True
ineq,2024-09-26,/gpfs/radev/pi/saxena/aj764/Training_COOPERATION/040324/Behavioral/processed/lever/040324_COOPTRAIN_LARGEARENA_KL002B-KL002Y_Camera2_lever.csv,092624_FiberPho_KL002B-KL006_2X_TimeOut_TrNum13,KL002B-KL002R,,transparent,0.0010714038847031,0.1747770788691504,0.1326121517937374,0.0002073684938135,0.0001036842469067,0.0007603511439828,3.333333333333333,True
ineq,2024-09-26,/gpfs/radev/pi/saxena/aj764/Training_COOPERATION/040324/Behavioral/processed/lever/040324_COOPTRAIN_LARGEARENA_KL004R-KL004G_Camera4_lever.csv,092624_FiberPho_KL002B-KL006_2X_TimeOut_TrNum9,KL001R-KL002B,,transparent,0.0055483198749674,0.1286011982287054,0.1404271945819223,0.000130242250586,0.0004428236519927,0.0049752539723886,5.507905138339921,True
ineq,2024-09-26,/gpfs/radev/pi/saxena/aj764/Training_COOPERATION/040324/Behavioral/processed/lever/040324_COOPTRAIN_LARGEARENA_KL005B-KL005Y_Camera1_lever.csv,092624_FiberPho_KL003B-KL005_2X_TimeOut_TrNum11,KL003B-KL003R,,transparent,0.0030931893594286,0.151959957257747,0.2350823913165738,0.0,0.0009560767110961,0.0021371126483324,7.6,True
ineq,2024-09-26,/gpfs/radev/pi/saxena/aj764/Training_COOPERATION/040424/Behavioral/processed/lever/040424_COOPTRAIN_LARGEARENA_KL005B-KL005Y_Camera1_lever.csv,092624_FiberPho_KL003B-KL005_2X_TimeOut_TrNum13,KL003B-KL003Y,,transparent,0.0061636673820923,0.1245666171371966,0.326261625667272,0.0,0.0010731385174178,0.0050905288646744,14.181818181818182,True
ineq,2024-09-27,/gpfs/radev/pi/saxena/aj764/Training_COOPERATION/040424/Behavioral/processed/lever/040424_COOPTRAIN_LARGEARENA_KL006R-KL006G_Camera2_lever.csv,092724_FiberPho_KL007Y_KL003_TimeOut_TrNum10,KL007B-KL007Y,,transparent,0.0016712948678391,0.1286382803661421,0.2033323048441838,0.0003599712023038,0.0001285611436799,0.0011827625218553,5.95,True
ineq,2024-09-27,/gpfs/radev/pi/saxena/aj764/Training_COOPERATION/040524/Behavioral/processed/lever/040524_COOPTRAIN_LARGEARENA_KL005B-KL005Y_Camera1_lever.csv,092724_FiberPho_KL008G_KL002_TimeOut_TrNum12,KL008G-KL008Y,,transparent,0.0061424731182795,0.0454973118279569,0.1770295698924731,8.064516129032258e-05,0.0022311827956989,0.0038306451612903,14.042279411764707,True
ineq,2024-09-30,/gpfs/radev/pi/saxena/aj764/Training_COOPERATION/040524/Behavioral/processed/lever/040524_COOPTRAIN_LARGEARENA_KL006R-KL006G_Camera2_lever.csv,093024_FiberPho_KL004G-KL001_TimeOut_TrNum11,KL001R-KL004G,,transparent,0.0011812157879573,0.1878421204263901,0.1812157879573609,2.881014116969173e-05,8.643042350907519e-05,0.0010659752232785,4.8,True
ineq,2024-09-30,/gpfs/radev/pi/saxena/aj764/Training_COOPERATION/040524/Behavioral/processed/lever/040524_COOPTRAIN_LARGEARENA_KL002B-KL002Y_Camera2_lever.csv,093024_FiberPho_KL004G-KL001_TimeOut_TrNum12,KL004G-KL008Y,,transparent,0.0035794497473329,0.147482687628673,0.1554838105932996,0.0,7.018528916339136e-05,0.0035092644581695,10.708333333333332,True
ineq,2024-09-30,/gpfs/radev/pi/saxena/aj764/Training_COOPERATION/040524/Behavioral/processed/lever/040524_COOPTRAIN_LARGEARENA_KL001B-KL001Y_Camera1_lever.csv,093024_FiberPho_KL004G-KL001_TimeOut_TrNum14,KL004G-KL004Y,,transparent,0.003203578336557,0.1844173114119922,0.1585166827852998,0.0003928916827852,0.0013600096711798,0.0014506769825918,5.651515151515151,True
ineq,2024-09-30,/gpfs/radev/pi/saxena/aj764/Training_COOPERATION/040724/Behavioral/processed/lever/040724_COOPTRAIN_LARGEARENA_KL001B-KL001Y_Camera1_lever.csv,093024_FiberPho_KL007Y_KL003_2X_TimeOut_TrNum13,KL007B-KL007Y,,transparent,0.0036635675143156,0.1363832276337664,0.1605812449972292,0.0013238101102148,6.157256326580875e-05,0.0022781848408349,8.975,True
ineq,2024-10-01,/gpfs/radev/pi/saxena/aj764/Training_COOPERATION/040724/Behavioral/processed/lever/040724_COOPTRAIN_LARGEARENA_KL004R-KL004G_Camera4_lever.csv,100124_FiberPho_KL004G-KL001_2X_TimeOut_TrNum11,KL004G-KL008Y,,transparent,0.0583583557672395,0.0176925864568233,0.0123990474218264,0.0075973286394698,0.0052029405674052,0.0451568647753158,25.64035087719298,True
ineq,2024-10-01,/gpfs/radev/pi/saxena/aj764/Training_COOPERATION/040724/Behavioral/processed/lever/040724_COOPTRAIN_LARGEARENA_KL002B-KL002Y_Camera2_lever.csv,100124_FiberPho_KL004G-KL001_2X_TimeOut_TrNum12,KL004G-KL004Y,,transparent,0.0063829787234042,0.1862178469355351,0.1121308351857732,0.0016195617656398,0.000254048904414,0.0040647824706255,14.357142857142858,True
ineq,2024-10-01,/gpfs/radev/pi/saxena/aj764/Training_COOPERATION/040824/Behavioral/processed/lever/040824_COOPTRAIN_LARGEARENA_KL001B-KL001Y_Camera1_lever.csv,100124_FiberPho_KL008G_KL002_2X_TimeOut_TrNum12,KL008G-KL008Y,,transparent,0.0071453609081349,0.03382586890285,0.1832987300132121,0.0007819451559845,0.0025210990373985,0.0036940167713754,9.892230576441102,True
ineq,2024-10-02,/gpfs/radev/pi/saxena/aj764/Training_COOPERATION/040824/Behavioral/processed/lever/040824_COOPTRAIN_LARGEARENA_KL006R-KL006G_Camera2_lever.csv,100224_FiberPho_KL002Y-KL003_TimeOut_TrNum9,KL002G-KL002Y,,transparent,0.0066240612025936,0.1245976582544199,0.2365536222419181,0.0007930214115781,0.0004898073424453,0.0050846666977655,10.923076923076923,True
ineq,2024-10-02,/gpfs/radev/pi/saxena/aj764/Training_COOPERATION/040824/Behavioral/processed/lever/040824_COOPTRAIN_LARGEARENA_KL002B-KL002Y_Camera2_lever.csv,100224_FiberPho_KL006G-KL008_TimeOut_TrNum9,KL006G-KL008Y,,transparent,0.0150162893202288,0.0655131820297314,0.1142168806636187,0.002860897418348,0.0053111397048758,0.0068442521970049,11.495443037974685,True
ineq,2024-10-03,/gpfs/radev/pi/saxena/aj764/Training_COOPERATION/040924/Behavioral/processed/lever/040924_COOPTRAIN_LARGEARENA_EB021R-EB023B_Camera3_lever.csv,100324_FiberPho_KL002B_TimeOut_Opaque_TrNum8,KL002B-KL002R,,opaque,0.0029107529468366,0.1789030550878037,0.308636035602598,0.002092855424585,0.0003848929516478,0.0002405580947798,9.541666666666666,True
ineq,2024-10-03,/gpfs/radev/pi/saxena/aj764/Training_COOPERATION/040924/Behavioral/processed/lever/040924_COOPTRAIN_LARGEARENA_EB027Y-EB029R_Camera4_lever.csv,100324_FiberPho_KL003B_TimeOut_Opaque_TrNum8,KL003B-KL003Y,,opaque,0.0032587135165769,0.105553981297818,0.2197270237083215,0.0,0.0009209407764239,0.002337772740153,10.166666666666668,True
ineq,2024-10-03,/gpfs/radev/pi/saxena/aj764/Training_COOPERATION/040924/Behavioral/processed/lever/040924_COOPTRAIN_LARGEARENA_EB011Y-EB015R_Camera2_lever.csv,100324_FiberPho_KL003B_TimeOut_Opaque_TrNum6,KL003B-KL003R,,opaque,0.0063795853269537,0.1421874244840752,0.1287033009521047,0.0017157218114155,0.0007974481658692,0.0037697549659272,8.666666666666668,True
ineq,2024-10-03,/gpfs/radev/pi/saxena/aj764/Training_COOPERATION/041024/Behavioral/processed/lever/041024_COOPTRAIN_LARGEARENA_EB009B-EB019Y_Camera2_lever.csv,100324_FiberPho_KL005Y_TimeOut_Opaque_TrNum5,KL005R-KL005Y,,opaque,0.0044534412955465,0.0792807811383662,0.1778756846868302,0.002119552274351,0.0002381519409383,0.0019290307216003,8.733333333333334,True
ineq,2024-10-03,/gpfs/radev/pi/saxena/aj764/Training_COOPERATION/041024/Behavioral/processed/lever/041024_COOPTRAIN_LARGEARENA_EB011Y-EB015R_Camera2_lever.csv,100324_FiberPho_KL006G_TimeOut_Opaque_TrNum5,KL006G-KL006Y,,opaque,0.008632406421041,0.0578463064320611,0.0662491275759468,0.0007530397090695,0.0011295595636043,0.0067314403261947,10.853174603174605,True
