TrialNum,LeverNum,AbsTime,TrialCond,DispTime,TrialTime,coopTS,coopSucc,Hit,TrialEnd,AnimalID,CoopTimeLimit,RatID
1,1,0.89,3,,0.87,,0,1,0,KL005B-KL005Y,1.25,0.0
1,1,1.2,3,,1.18,,0,-1,0,KL005B-KL005Y,1.25,0.0
1,1,1.38,3,,1.36,,0,-1,0,KL005B-KL005Y,1.25,0.0
2,1,11.35,3,12.97,0.69,11.63,1,1,0,KL005B-KL005Y,1.25,0.0
2,2,11.61,3,12.97,0.949999999999999,11.63,1,1,1,KL005B-KL005Y,1.25,1.0
2,1,11.64,3,12.97,0.98,11.63,1,-2,0,KL005B-KL005Y,1.25,0.0
2,1,11.82,3,12.97,1.16,11.63,1,-2,0,KL005B-KL005Y,1.25,0.0
2,2,11.84,3,12.97,1.18,11.63,1,-2,0,KL005B-KL005Y,1.25,1.0
2,2,12.09,3,12.97,1.43,11.63,1,-2,0,KL005B-KL005Y,1.25,1.0
3,1,24.85,3,26.73,0.640000000000001,25.09,1,1,0,KL005B-KL005Y,1.25,0.0
3,1,25.06,3,26.73,0.849999999999998,25.09,1,-1,0,KL005B-KL005Y,1.25,0.0
3,2,25.06,3,26.73,0.849999999999998,25.09,1,1,1,KL005B-KL005Y,1.25,1.0
4,1,36.32,3,38.99,0.719999999999999,37.4,1,1,0,KL005B-KL005Y,1.25,0.0
4,1,36.72,3,38.99,1.12,37.4,1,-1,0,KL005B-KL005Y,1.25,0.0
4,2,37.39,3,38.99,1.79,37.4,1,1,1,KL005B-KL005Y,1.25,1.0
5,1,46.05,3,48.42,0.729999999999997,46.83,1,1,0,KL005B-KL005Y,1.25,0.0
5,1,46.54,3,48.42,1.22,46.83,1,-1,0,KL005B-KL005Y,1.25,0.0
5,2,46.81,3,48.42,1.49,46.83,1,1,1,KL005B-KL005Y,1.25,1.0
5,1,46.89,3,48.42,1.57,46.83,1,-2,0,KL005B-KL005Y,1.25,0.0
6,2,59.72,3,61.25,0.879999999999995,59.76,1,1,0,KL005B-KL005Y,1.25,1.0
6,1,59.73,3,61.25,0.889999999999993,59.76,1,1,1,KL005B-KL005Y,1.25,0.0
6,2,59.9,3,61.25,1.06,59.76,1,-2,0,KL005B-KL005Y,1.25,1.0
6,2,60.08,3,61.25,1.23999999999999,59.76,1,-2,0,KL005B-KL005Y,1.25,1.0
6,1,60.22,3,61.25,1.38,59.76,1,-2,0,KL005B-KL005Y,1.25,0.0
6,1,60.49,3,61.25,1.65,59.76,1,-2,0,KL005B-KL005Y,1.25,0.0
7,2,72.43,3,74.69,0.920000000000002,72.75,1,1,0,KL005B-KL005Y,1.25,1.0
7,1,72.74,3,74.69,1.22999999999999,72.75,1,1,1,KL005B-KL005Y,1.25,0.0
7,2,73.02,3,74.69,1.50999999999999,72.75,1,-2,0,KL005B-KL005Y,1.25,1.0
7,1,73.43,3,74.69,1.92,72.75,1,-2,0,KL005B-KL005Y,1.25,0.0
8,1,86.48,3,89.3,0.710000000000008,87.76,1,1,0,KL005B-KL005Y,1.25,0.0
8,1,87.35,3,89.3,1.58,87.76,1,-1,0,KL005B-KL005Y,1.25,0.0
8,2,87.74,3,89.3,1.97,87.76,1,1,1,KL005B-KL005Y,1.25,1.0
8,2,88.24,3,89.3,2.47,87.76,1,-2,0,KL005B-KL005Y,1.25,1.0
9,1,97.94,3,100.64,0.969999999999999,98.5,1,1,0,KL005B-KL005Y,1.25,0.0
9,1,98.41,3,100.64,1.44,98.5,1,-1,0,KL005B-KL005Y,1.25,0.0
9,2,98.48,3,100.64,1.51000000000001,98.5,1,1,1,KL005B-KL005Y,1.25,1.0
9,1,98.88,3,100.64,1.91,98.5,1,-2,0,KL005B-KL005Y,1.25,0.0
10,2,111.09,3,113.43,1.03,111.39,1,1,0,KL005B-KL005Y,1.25,1.0
10,2,111.21,3,113.43,1.14999999999999,111.39,1,-1,0,KL005B-KL005Y,1.25,1.0
10,1,111.38,3,113.43,1.31999999999999,111.39,1,1,1,KL005B-KL005Y,1.25,0.0
10,1,111.69,3,113.43,1.63,111.39,1,-2,0,KL005B-KL005Y,1.25,0.0
10,2,111.96,3,113.43,1.89999999999999,111.39,1,-2,0,KL005B-KL005Y,1.25,1.0
11,1,123.9,3,127.05,0.719999999999999,124.96,1,1,0,KL005B-KL005Y,1.25,0.0
11,2,124.95,3,127.05,1.77,124.96,1,1,1,KL005B-KL005Y,1.25,1.0
11,1,124.97,3,127.05,1.78999999999999,124.96,1,-2,0,KL005B-KL005Y,1.25,0.0
11,2,125.15,3,127.05,1.97,124.96,1,-2,0,KL005B-KL005Y,1.25,1.0
11,1,125.18,3,127.05,2.0,124.96,1,-2,0,KL005B-KL005Y,1.25,0.0
12,1,138.06,3,140.31,0.680000000000007,138.82,1,1,0,KL005B-KL005Y,1.25,0.0
12,2,138.81,3,140.31,1.43000000000001,138.82,1,1,1,KL005B-KL005Y,1.25,1.0
12,2,138.94,3,140.31,1.56,138.82,1,-2,0,KL005B-KL005Y,1.25,1.0
12,2,139.16,3,140.31,1.78,138.82,1,-2,0,KL005B-KL005Y,1.25,1.0
12,1,139.21,3,140.31,1.83000000000001,138.82,1,-2,0,KL005B-KL005Y,1.25,0.0
13,2,151.84,3,154.36,0.860000000000014,152.22,1,1,0,KL005B-KL005Y,1.25,1.0
13,1,152.2,3,154.36,1.22,152.22,1,1,1,KL005B-KL005Y,1.25,0.0
13,1,152.56,3,154.36,1.58000000000001,152.22,1,-2,0,KL005B-KL005Y,1.25,0.0
14,1,163.41,0,,1.65000000000001,,0,1,0,KL005B-KL005Y,1.25,0.0
14,1,164.35,0,,2.59,,0,-1,0,KL005B-KL005Y,1.25,0.0
14,2,164.68,0,,2.92000000000002,,0,1,1,KL005B-KL005Y,1.25,1.0
14,1,165.22,0,,3.46000000000001,,0,-2,0,KL005B-KL005Y,1.25,0.0
15,1,173.31,0,,0.710000000000008,,0,1,0,KL005B-KL005Y,1.25,0.0
15,1,173.63,0,,1.03,,0,-1,0,KL005B-KL005Y,1.25,0.0
15,1,173.78,0,,1.18000000000001,,0,-1,0,KL005B-KL005Y,1.25,0.0
15,1,174.41,0,,1.81,,0,-1,0,KL005B-KL005Y,1.25,0.0
15,1,174.77,0,,2.17000000000002,,0,-1,0,KL005B-KL005Y,1.25,0.0
15,1,175.03,0,,2.43000000000001,,0,-1,0,KL005B-KL005Y,1.25,0.0
16,2,181.22,0,,1.02000000000001,,0,1,0,KL005B-KL005Y,1.25,1.0
16,2,181.79,0,,1.59,,0,-1,0,KL005B-KL005Y,1.25,1.0
17,2,188.84,3,191.44,1.03,189.4,1,1,0,KL005B-KL005Y,1.25,1.0
17,2,189.23,3,191.44,1.41999999999999,189.4,1,-1,0,KL005B-KL005Y,1.25,1.0
17,1,189.38,3,191.44,1.56999999999999,189.4,1,1,1,KL005B-KL005Y,1.25,0.0
17,2,189.49,3,191.44,1.68000000000001,189.4,1,-2,0,KL005B-KL005Y,1.25,1.0
17,1,190.04,3,191.44,2.22999999999999,189.4,1,-2,0,KL005B-KL005Y,1.25,0.0
18,2,199.96,0,,0.830000000000013,,0,1,0,KL005B-KL005Y,1.25,1.0
18,2,200.85,0,,1.72,,0,-1,0,KL005B-KL005Y,1.25,1.0
18,2,201.18,0,,2.05000000000001,,0,-1,0,KL005B-KL005Y,1.25,1.0
19,2,212.3,0,,3.25,,0,1,0,KL005B-KL005Y,1.25,1.0
19,2,212.74,0,,3.69,,0,-1,0,KL005B-KL005Y,1.25,1.0
19,2,213.65,0,,4.59999999999999,,0,-1,0,KL005B-KL005Y,1.25,1.0
20,1,221.09,0,,0.700000000000017,,0,1,0,KL005B-KL005Y,1.25,1.0
20,1,221.38,0,,0.990000000000009,,0,-1,0,KL005B-KL005Y,1.25,1.0
20,1,221.74,0,,1.35000000000002,,0,-1,0,KL005B-KL005Y,1.25,1.0
20,1,221.95,0,,1.56,,0,-1,0,KL005B-KL005Y,1.25,1.0
21,1,231.9,3,234.21,0.52000000000001,232.22,1,1,0,KL005B-KL005Y,1.25,0.0
21,1,232.14,3,234.21,0.759999999999991,232.22,1,-1,0,KL005B-KL005Y,1.25,0.0
21,2,232.2,3,234.21,0.819999999999993,232.22,1,1,1,KL005B-KL005Y,1.25,1.0
21,2,232.36,3,234.21,0.980000000000018,232.22,1,-2,0,KL005B-KL005Y,1.25,1.0
21,1,232.63,3,234.21,1.25,232.22,1,-2,0,KL005B-KL005Y,1.25,0.0
21,2,232.81,3,234.21,1.43000000000001,232.22,1,-2,0,KL005B-KL005Y,1.25,1.0
21,1,242.18,3,234.21,10.8,232.22,1,-2,0,KL005B-KL005Y,1.25,0.0
22,1,244.78,3,246.93,0.849999999999994,244.84,1,1,0,KL005B-KL005Y,1.25,0.0
22,2,244.82,3,246.93,0.889999999999986,244.84,1,1,1,KL005B-KL005Y,1.25,1.0
22,2,244.95,3,246.93,1.01999999999998,244.84,1,-2,0,KL005B-KL005Y,1.25,1.0
22,1,245.16,3,246.93,1.22999999999999,244.84,1,-2,0,KL005B-KL005Y,1.25,0.0
23,2,254.71,0,,1.09999999999999,,0,1,0,KL005B-KL005Y,1.25,1.0
23,2,256.44,0,,2.82999999999998,,0,-1,0,KL005B-KL005Y,1.25,1.0
24,1,262.47,3,263.89,0.670000000000016,262.65,1,1,0,KL005B-KL005Y,1.25,0.0
24,2,262.62,3,263.89,0.819999999999993,262.65,1,1,1,KL005B-KL005Y,1.25,1.0
24,1,262.69,3,263.89,0.889999999999986,262.65,1,-2,0,KL005B-KL005Y,1.25,0.0
25,2,272.25,3,273.99,1.74000000000001,272.35,1,1,0,KL005B-KL005Y,1.25,1.0
25,1,272.32,3,273.99,1.81,272.35,1,1,1,KL005B-KL005Y,1.25,0.0
26,2,286.13,3,287.84,1.68000000000001,286.35,1,1,0,KL005B-KL005Y,1.25,1.0
26,1,286.32,3,287.84,1.87,286.35,1,1,1,KL005B-KL005Y,1.25,0.0
26,2,286.39,3,287.84,1.94,286.35,1,-2,0,KL005B-KL005Y,1.25,1.0
26,2,286.6,3,287.84,2.15000000000003,286.35,1,-2,0,KL005B-KL005Y,1.25,1.0
26,1,286.93,3,287.84,2.48000000000002,286.35,1,-2,0,KL005B-KL005Y,1.25,0.0
27,1,299.89,0,,0.699999999999989,,0,1,0,KL005B-KL005Y,1.25,0.0
27,1,300.21,0,,1.01999999999998,,0,-1,0,KL005B-KL005Y,1.25,0.0
27,1,300.97,0,,1.78000000000003,,0,-1,0,KL005B-KL005Y,1.25,0.0
27,1,301.78,0,,2.58999999999997,,0,-1,0,KL005B-KL005Y,1.25,0.0
28,1,309.64,3,312.76,0.45999999999998,310.82,1,1,0,KL005B-KL005Y,1.25,0.0
28,1,310.63,3,312.76,1.44999999999999,310.82,1,-1,0,KL005B-KL005Y,1.25,0.0
28,2,310.79,3,312.76,1.61000000000001,310.82,1,1,1,KL005B-KL005Y,1.25,1.0
28,1,311.3,3,312.76,2.12,310.82,1,-2,0,KL005B-KL005Y,1.25,0.0
29,2,321.32,0,,1.13999999999999,,0,1,0,KL005B-KL005Y,1.25,1.0
29,2,321.44,0,,1.25999999999999,,0,-1,0,KL005B-KL005Y,1.25,1.0
29,2,322.16,0,,1.98000000000002,,0,-1,0,KL005B-KL005Y,1.25,1.0
29,2,322.82,0,,2.63999999999999,,0,-1,0,KL005B-KL005Y,1.25,1.0
29,2,323.09,0,,2.90999999999997,,0,-1,0,KL005B-KL005Y,1.25,1.0
30,1,329.43,3,331.46,1.42000000000002,329.47,1,1,0,KL005B-KL005Y,1.25,0.0
30,2,329.44,3,331.46,1.43000000000001,329.47,1,1,1,KL005B-KL005Y,1.25,1.0
31,1,344.09,3,345.51,0.75,344.27,1,1,0,KL005B-KL005Y,1.25,0.0
31,2,344.26,3,345.51,0.920000000000016,344.27,1,1,1,KL005B-KL005Y,1.25,1.0
31,1,344.53,3,345.51,1.19,344.27,1,-2,0,KL005B-KL005Y,1.25,0.0
32,2,353.73,3,356.13,1.38,353.99,1,1,0,KL005B-KL005Y,1.25,1.0
32,1,353.98,3,356.13,1.63,353.99,1,1,1,KL005B-KL005Y,1.25,0.0
32,2,354.06,3,356.13,1.70999999999998,353.99,1,-2,0,KL005B-KL005Y,1.25,1.0
33,2,363.66,0,,1.09000000000003,,0,1,0,KL005B-KL005Y,1.25,1.0
33,2,364.01,0,,1.44,,0,-1,0,KL005B-KL005Y,1.25,1.0
33,2,365.08,0,,2.50999999999999,,0,-1,0,KL005B-KL005Y,1.25,1.0
34,1,375.65,3,378.37,1.19999999999999,376.43,1,1,0,KL005B-KL005Y,1.25,0.0
34,1,376.33,3,378.37,1.88,376.43,1,-1,0,KL005B-KL005Y,1.25,0.0
34,2,376.41,3,378.37,1.96000000000004,376.43,1,1,1,KL005B-KL005Y,1.25,1.0
35,1,386.74,3,388.94,0.710000000000036,387.2,1,1,0,KL005B-KL005Y,1.25,0.0
35,2,387.18,3,388.94,1.15000000000003,387.2,1,1,1,KL005B-KL005Y,1.25,1.0
35,1,387.66,3,388.94,1.63000000000005,387.2,1,-2,0,KL005B-KL005Y,1.25,0.0
36,1,395.72,0,,0.730000000000018,,0,1,0,KL005B-KL005Y,1.25,0.0
36,1,396.51,0,,1.51999999999998,,0,-1,0,KL005B-KL005Y,1.25,0.0
36,1,397.25,0,,2.25999999999999,,0,-1,0,KL005B-KL005Y,1.25,0.0
37,2,405.38,3,407.2,0.870000000000005,405.66,1,1,0,KL005B-KL005Y,1.25,1.0
37,1,405.65,3,407.2,1.13999999999999,405.66,1,1,1,KL005B-KL005Y,1.25,0.0
37,2,405.92,3,407.2,1.41000000000003,405.66,1,-2,0,KL005B-KL005Y,1.25,1.0
38,2,419.53,0,,1.89999999999998,,0,1,0,KL005B-KL005Y,1.25,
38,1,421.11,0,,3.48000000000002,,0,1,1,KL005B-KL005Y,1.25,0.0
39,2,430.58,3,432.66,0.95999999999998,430.72,1,1,0,KL005B-KL005Y,1.25,1.0
39,1,430.7,3,432.66,1.07999999999998,430.72,1,1,1,KL005B-KL005Y,1.25,0.0
39,2,430.71,3,432.66,1.08999999999997,430.72,1,-2,0,KL005B-KL005Y,1.25,1.0
39,2,430.94,3,432.66,1.31999999999999,430.72,1,-2,0,KL005B-KL005Y,1.25,1.0
39,1,431.5,3,432.66,1.88,430.72,1,-2,0,KL005B-KL005Y,1.25,0.0
40,2,443.28,3,446.02,1.00999999999999,444.08,1,1,0,KL005B-KL005Y,1.25,1.0
40,2,443.45,3,446.02,1.18000000000001,444.08,1,-1,0,KL005B-KL005Y,1.25,1.0
40,1,444.07,3,446.02,1.80000000000001,444.08,1,1,1,KL005B-KL005Y,1.25,0.0
40,2,444.44,3,446.02,2.17000000000002,444.08,1,-2,0,KL005B-KL005Y,1.25,1.0
41,1,457.9,3,459.97,0.739999999999952,458.38,1,1,0,KL005B-KL005Y,1.25,
41,1,458.1,3,459.97,0.939999999999998,458.38,1,-1,0,KL005B-KL005Y,1.25,0.0
41,2,458.36,3,459.97,1.19999999999999,458.38,1,1,1,KL005B-KL005Y,1.25,1.0
41,2,458.68,3,459.97,1.51999999999998,458.38,1,-2,0,KL005B-KL005Y,1.25,1.0
41,1,458.99,3,459.97,1.82999999999998,458.38,1,-2,0,KL005B-KL005Y,1.25,0.0
42,1,469.59,3,471.68,0.799999999999955,470.29,1,1,0,KL005B-KL005Y,1.25,0.0
42,2,470.27,3,471.68,1.47999999999996,470.29,1,1,1,KL005B-KL005Y,1.25,1.0
42,1,470.5,3,471.68,1.70999999999998,470.29,1,-2,0,KL005B-KL005Y,1.25,0.0
43,1,483.28,0,,0.849999999999966,,0,1,0,KL005B-KL005Y,1.25,0.0
43,1,483.56,0,,1.13,,0,-1,0,KL005B-KL005Y,1.25,0.0
43,2,484.65,0,,2.21999999999997,,0,1,1,KL005B-KL005Y,1.25,1.0
43,1,485.24,0,,2.81,,0,-2,0,KL005B-KL005Y,1.25,0.0
44,1,491.01,3,492.68,0.939999999999998,491.39,1,1,0,KL005B-KL005Y,1.25,0.0
44,2,491.37,3,492.68,1.30000000000001,491.39,1,1,1,KL005B-KL005Y,1.25,1.0
44,1,491.68,3,492.68,1.61000000000001,491.39,1,-2,0,KL005B-KL005Y,1.25,0.0
44,2,491.76,3,492.68,1.69,491.39,1,-2,0,KL005B-KL005Y,1.25,1.0
45,2,504.93,3,507.11,1.12,505.87,1,1,0,KL005B-KL005Y,1.25,1.0
45,2,505.64,3,507.11,1.82999999999998,505.87,1,-1,0,KL005B-KL005Y,1.25,1.0
45,1,505.85,3,507.11,2.04000000000002,505.87,1,1,1,KL005B-KL005Y,1.25,0.0
45,2,505.92,3,507.11,2.11000000000001,505.87,1,-2,0,KL005B-KL005Y,1.25,1.0
46,1,519.79,3,521.94,0.67999999999995,520.65,1,1,0,KL005B-KL005Y,1.25,0.0
46,1,520.5,3,521.94,1.38999999999999,520.65,1,-1,0,KL005B-KL005Y,1.25,0.0
46,2,520.63,3,521.94,1.51999999999998,520.65,1,1,1,KL005B-KL005Y,1.25,1.0
46,2,520.84,3,521.94,1.73000000000002,520.65,1,-2,0,KL005B-KL005Y,1.25,1.0
46,2,521.06,3,521.94,1.94999999999993,520.65,1,-2,0,KL005B-KL005Y,1.25,1.0
46,1,521.44,3,521.94,2.33000000000004,520.65,1,-2,0,KL005B-KL005Y,1.25,0.0
47,1,539.55,3,541.13,0.689999999999941,539.69,1,1,0,KL005B-KL005Y,1.25,0.0
47,2,539.67,3,541.13,0.809999999999945,539.69,1,1,1,KL005B-KL005Y,1.25,1.0
47,2,539.76,3,541.13,0.899999999999977,539.69,1,-2,0,KL005B-KL005Y,1.25,1.0
47,2,539.93,3,541.13,1.06999999999994,539.69,1,-2,0,KL005B-KL005Y,1.25,1.0
47,1,540.0,3,541.13,1.13999999999999,539.69,1,-2,0,KL005B-KL005Y,1.25,0.0
47,2,540.22,3,541.13,1.36000000000001,539.69,1,-2,0,KL005B-KL005Y,1.25,1.0
48,2,549.89,3,551.54,0.830000000000041,550.15,1,1,0,KL005B-KL005Y,1.25,1.0
48,2,550.05,3,551.54,0.990000000000009,550.15,1,-1,0,KL005B-KL005Y,1.25,1.0
48,1,550.13,3,551.54,1.07000000000005,550.15,1,1,1,KL005B-KL005Y,1.25,0.0
48,2,550.45,3,551.54,1.3900000000001,550.15,1,-2,0,KL005B-KL005Y,1.25,1.0
49,1,564.3,3,567.31,0.669999999999959,565.42,1,1,0,KL005B-KL005Y,1.25,0.0
49,2,565.4,3,567.31,1.76999999999998,565.42,1,1,1,KL005B-KL005Y,1.25,1.0
49,1,565.58,3,567.31,1.95000000000005,565.42,1,-2,0,KL005B-KL005Y,1.25,0.0
50,1,578.42,3,581.02,2.40999999999997,579.08,1,1,0,KL005B-KL005Y,1.25,0.0
50,2,579.07,3,581.02,3.06000000000006,579.08,1,1,1,KL005B-KL005Y,1.25,1.0
50,1,579.67,3,581.02,3.65999999999997,579.08,1,-2,0,KL005B-KL005Y,1.25,0.0
51,1,588.94,0,,0.690000000000055,,0,1,0,KL005B-KL005Y,1.25,0.0
51,1,589.77,0,,1.51999999999998,,0,-1,0,KL005B-KL005Y,1.25,0.0
51,2,590.36,0,,2.11000000000001,,0,1,1,KL005B-KL005Y,1.25,1.0
51,2,590.51,0,,2.25999999999999,,0,-2,0,KL005B-KL005Y,1.25,1.0
51,1,590.59,0,,2.34000000000003,,0,-2,0,KL005B-KL005Y,1.25,0.0
52,2,596.76,3,599.46,1.33000000000004,597.52,1,1,0,KL005B-KL005Y,1.25,1.0
52,2,597.39,3,599.46,1.96000000000004,597.52,1,-1,0,KL005B-KL005Y,1.25,1.0
52,1,597.51,3,599.46,2.08000000000004,597.52,1,1,1,KL005B-KL005Y,1.25,0.0
52,2,597.89,3,599.46,2.46000000000004,597.52,1,-2,0,KL005B-KL005Y,1.25,1.0
53,1,607.0,3,609.25,0.710000000000036,607.66,1,1,0,KL005B-KL005Y,1.25,0.0
53,2,607.64,3,609.25,1.35000000000002,607.66,1,1,1,KL005B-KL005Y,1.25,1.0
54,1,619.6,3,622.21,0.730000000000018,620.22,1,1,0,KL005B-KL005Y,1.25,0.0
54,2,620.21,3,622.21,1.34000000000003,620.22,1,1,1,KL005B-KL005Y,1.25,1.0
54,1,620.73,3,622.21,1.86000000000001,620.22,1,-2,0,KL005B-KL005Y,1.25,0.0
55,1,633.63,3,635.87,1.52999999999997,634.13,1,1,0,KL005B-KL005Y,1.25,0.0
55,2,634.11,3,635.87,2.00999999999999,634.13,1,1,1,KL005B-KL005Y,1.25,1.0
55,1,634.99,3,635.87,2.88999999999999,634.13,1,-2,0,KL005B-KL005Y,1.25,0.0
56,2,648.66,3,650.64,1.74000000000001,649.3,1,1,0,KL005B-KL005Y,1.25,1.0
56,2,649.01,3,650.64,2.09000000000003,649.3,1,-1,0,KL005B-KL005Y,1.25,1.0
56,1,649.29,3,650.64,2.37,649.3,1,1,1,KL005B-KL005Y,1.25,0.0
56,2,649.35,3,650.64,2.43000000000006,649.3,1,-2,0,KL005B-KL005Y,1.25,1.0
57,2,660.42,0,,2.75999999999999,,0,1,0,KL005B-KL005Y,1.25,1.0
57,2,660.8,0,,3.13999999999999,,0,-1,0,KL005B-KL005Y,1.25,1.0
57,2,662.04,0,,4.38,,0,-1,0,KL005B-KL005Y,1.25,1.0
58,2,670.63,3,673.44,2.72000000000003,671.85,1,1,0,KL005B-KL005Y,1.25,1.0
58,1,671.82,3,673.44,3.91000000000008,671.85,1,1,1,KL005B-KL005Y,1.25,0.0
59,2,684.59,3,686.97,1.12,684.93,1,1,0,KL005B-KL005Y,1.25,1.0
59,2,684.85,3,686.97,1.38,684.93,1,-1,0,KL005B-KL005Y,1.25,1.0
59,1,684.9,3,686.97,1.42999999999995,684.93,1,1,1,KL005B-KL005Y,1.25,0.0
59,2,685.0,3,686.97,1.52999999999997,684.93,1,-2,0,KL005B-KL005Y,1.25,1.0
59,1,685.32,3,686.97,1.85000000000002,684.93,1,-2,0,KL005B-KL005Y,1.25,0.0
60,2,696.34,0,,1.25,,0,1,0,KL005B-KL005Y,1.25,1.0
60,2,696.62,0,,1.52999999999997,,0,-1,0,KL005B-KL005Y,1.25,1.0
60,1,697.62,0,,2.52999999999997,,0,1,1,KL005B-KL005Y,1.25,0.0
60,2,697.69,0,,2.60000000000002,,0,-2,0,KL005B-KL005Y,1.25,1.0
61,2,705.39,3,707.23,0.960000000000036,705.59,1,1,0,KL005B-KL005Y,1.25,1.0
61,1,705.58,3,707.23,1.15000000000009,705.59,1,1,1,KL005B-KL005Y,1.25,0.0
61,1,705.79,3,707.23,1.36000000000001,705.59,1,-2,0,KL005B-KL005Y,1.25,0.0
61,2,705.85,3,707.23,1.42000000000007,705.59,1,-2,0,KL005B-KL005Y,1.25,1.0
62,2,715.4,3,717.15,1.36000000000001,715.56,1,1,0,KL005B-KL005Y,1.25,1.0
62,1,715.55,3,717.15,1.50999999999999,715.56,1,1,1,KL005B-KL005Y,1.25,0.0
62,1,715.91,3,717.15,1.87,715.56,1,-2,0,KL005B-KL005Y,1.25,0.0
63,1,727.16,3,729.28,0.689999999999941,727.84,1,1,0,KL005B-KL005Y,1.25,0.0
63,2,727.83,3,729.28,1.36000000000001,727.84,1,1,1,KL005B-KL005Y,1.25,1.0
63,1,728.42,3,729.28,1.94999999999993,727.84,1,-2,0,KL005B-KL005Y,1.25,0.0
64,1,756.05,0,,1.58999999999992,,0,1,0,KL005B-KL005Y,1.25,0.0
64,1,757.68,0,,3.21999999999991,,0,-1,0,KL005B-KL005Y,1.25,0.0
65,1,764.14,3,765.96,0.699999999999932,764.62,1,1,0,KL005B-KL005Y,1.25,0.0
65,2,764.6,3,765.96,1.15999999999997,764.62,1,1,1,KL005B-KL005Y,1.25,1.0
65,1,764.63,3,765.96,1.18999999999994,764.62,1,-2,0,KL005B-KL005Y,1.25,0.0
65,2,765.15,3,765.96,1.70999999999992,764.62,1,-2,0,KL005B-KL005Y,1.25,1.0
66,2,775.18,3,777.07,0.8599999999999,775.58,1,1,0,KL005B-KL005Y,1.25,1.0
66,2,775.54,3,777.07,1.21999999999991,775.58,1,-1,0,KL005B-KL005Y,1.25,1.0
66,1,775.56,3,777.07,1.2399999999999,775.58,1,1,1,KL005B-KL005Y,1.25,0.0
67,1,789.34,3,791.98,0.690000000000055,789.84,1,1,0,KL005B-KL005Y,1.25,0.0
67,2,789.83,3,791.98,1.18000000000006,789.84,1,1,1,KL005B-KL005Y,1.25,1.0
67,2,790.19,3,791.98,1.54000000000008,789.84,1,-2,0,KL005B-KL005Y,1.25,1.0
67,1,790.23,3,791.98,1.58000000000004,789.84,1,-2,0,KL005B-KL005Y,1.25,0.0
68,1,802.47,3,804.46,0.680000000000064,803.07,1,1,0,KL005B-KL005Y,1.25,0.0
68,2,803.06,3,804.46,1.26999999999998,803.07,1,1,1,KL005B-KL005Y,1.25,1.0
68,2,803.3,3,804.46,1.50999999999999,803.07,1,-2,0,KL005B-KL005Y,1.25,1.0
68,1,803.44,3,804.46,1.65000000000009,803.07,1,-2,0,KL005B-KL005Y,1.25,0.0
68,1,803.86,3,804.46,2.07000000000005,803.07,1,-2,0,KL005B-KL005Y,1.25,0.0
69,1,815.17,0,,0.719999999999914,,0,1,0,KL005B-KL005Y,1.25,0.0
69,1,815.6,0,,1.14999999999998,,0,-1,0,KL005B-KL005Y,1.25,0.0
69,1,816.46,0,,2.00999999999999,,0,-1,0,KL005B-KL005Y,1.25,0.0
70,2,825.85,0,,1.49000000000001,,0,1,0,KL005B-KL005Y,1.25,1.0
70,2,826.74,0,,2.38,,0,-1,0,KL005B-KL005Y,1.25,1.0
71,1,834.65,3,837.31,0.709999999999923,835.27,1,1,0,KL005B-KL005Y,1.25,0.0
71,1,834.87,3,837.31,0.92999999999995,835.27,1,-1,0,KL005B-KL005Y,1.25,0.0
71,2,835.25,3,837.31,1.30999999999995,835.27,1,1,1,KL005B-KL005Y,1.25,1.0
72,1,848.7,0,,0.710000000000036,,0,1,0,KL005B-KL005Y,1.25,0.0
72,1,850.47,0,,2.48000000000002,,0,-1,0,KL005B-KL005Y,1.25,0.0
73,1,859.03,3,861.7,2.53999999999996,860.01,1,1,0,KL005B-KL005Y,1.25,0.0
73,2,860.0,3,861.7,3.50999999999999,860.01,1,1,1,KL005B-KL005Y,1.25,1.0
73,2,860.28,3,861.7,3.78999999999996,860.01,1,-2,0,KL005B-KL005Y,1.25,1.0
73,1,860.39,3,861.7,3.89999999999998,860.01,1,-2,0,KL005B-KL005Y,1.25,0.0
74,2,873.42,0,,1.25,,0,1,0,KL005B-KL005Y,1.25,1.0
74,2,874.7,0,,2.53000000000009,,0,-1,0,KL005B-KL005Y,1.25,1.0
74,1,875.2,0,,3.03000000000009,,0,1,1,KL005B-KL005Y,1.25,0.0
75,1,880.48,3,883.23,0.670000000000073,881.14,1,1,0,KL005B-KL005Y,1.25,0.0
75,2,881.12,3,883.23,1.31000000000006,881.14,1,1,1,KL005B-KL005Y,1.25,1.0
75,1,881.72,3,883.23,1.91000000000008,881.14,1,-2,0,KL005B-KL005Y,1.25,0.0
76,1,891.48,3,893.36,0.680000000000064,892.02,1,1,0,KL005B-KL005Y,1.25,0.0
76,2,891.99,3,893.36,1.19000000000005,892.02,1,1,1,KL005B-KL005Y,1.25,1.0
76,1,892.13,3,893.36,1.33000000000004,892.02,1,-2,0,KL005B-KL005Y,1.25,0.0
76,1,892.44,3,893.36,1.6400000000001,892.02,1,-2,0,KL005B-KL005Y,1.25,0.0
77,2,902.99,0,,1.41999999999996,,0,1,0,KL005B-KL005Y,1.25,1.0
77,1,904.56,0,,2.9899999999999,,0,1,1,KL005B-KL005Y,1.25,0.0
78,1,914.57,0,,1.29000000000008,,0,1,0,KL005B-KL005Y,1.25,0.0
78,1,916.43,0,,3.14999999999998,,0,-1,0,KL005B-KL005Y,1.25,0.0
79,1,929.53,3,932.21,6.87,930.57,1,1,0,KL005B-KL005Y,1.25,0.0
79,1,930.54,3,932.21,7.88,930.57,1,-1,0,KL005B-KL005Y,1.25,0.0
79,2,930.54,3,932.21,7.88,930.57,1,1,1,KL005B-KL005Y,1.25,1.0
79,1,931.26,3,932.21,8.60000000000002,930.57,1,-2,0,KL005B-KL005Y,1.25,0.0
80,2,940.64,0,,1.81999999999994,,0,1,0,KL005B-KL005Y,1.25,1.0
80,2,941.11,0,,2.28999999999996,,0,-1,0,KL005B-KL005Y,1.25,1.0
80,1,942.38,0,,3.55999999999995,,0,1,1,KL005B-KL005Y,1.25,0.0
81,1,950.63,0,,1.5,,0,1,0,KL005B-KL005Y,1.25,0.0
82,1,965.93,0,,8.80999999999995,,0,1,0,KL005B-KL005Y,1.25,1.0
82,1,966.59,0,,9.47000000000003,,0,-1,0,KL005B-KL005Y,1.25,1.0
82,1,967.34,0,,10.22,,0,-1,0,KL005B-KL005Y,1.25,1.0
83,2,984.95,0,,9.63,,0,1,0,KL005B-KL005Y,1.25,1.0
83,2,985.17,0,,9.84999999999991,,0,-1,0,KL005B-KL005Y,1.25,1.0
83,2,985.72,0,,10.4,,0,-1,0,KL005B-KL005Y,1.25,1.0
83,2,986.14,0,,10.8199999999999,,0,-1,0,KL005B-KL005Y,1.25,1.0
84,1,1008.46,0,,15.4200000000001,,0,1,0,KL005B-KL005Y,1.25,0.0
85,1,1019.72,0,,0.670000000000073,,0,1,0,KL005B-KL005Y,1.25,0.0
85,1,1021.83,0,,2.78000000000009,,0,-1,0,KL005B-KL005Y,1.25,0.0
86,1,1027.55,0,,1.13999999999987,,0,1,0,KL005B-KL005Y,1.25,0.0
86,1,1029.09,0,,2.67999999999984,,0,-1,0,KL005B-KL005Y,1.25,0.0
87,1,1038.35,0,,1.80999999999995,,0,1,0,KL005B-KL005Y,1.25,1.0
88,1,1046.36,3,1048.78,0.7199999999998,1047.04,1,1,0,KL005B-KL005Y,1.25,0.0
88,2,1047.01,3,1048.78,1.36999999999989,1047.04,1,1,1,KL005B-KL005Y,1.25,1.0
88,1,1047.35,3,1048.78,1.70999999999981,1047.04,1,-2,0,KL005B-KL005Y,1.25,0.0
89,1,1060.1,0,,0.689999999999827,,0,1,0,KL005B-KL005Y,1.25,0.0
89,1,1061.87,0,,2.45999999999981,,0,-1,0,KL005B-KL005Y,1.25,0.0
90,1,1070.32,0,,0.730000000000018,,0,1,0,KL005B-KL005Y,1.25,0.0
90,1,1070.66,0,,1.07000000000016,,0,-1,0,KL005B-KL005Y,1.25,0.0
91,1,1079.39,0,,1.88000000000011,,0,1,0,KL005B-KL005Y,1.25,0.0
91,1,1079.87,0,,2.3599999999999,,0,-1,0,KL005B-KL005Y,1.25,0.0
91,1,1080.9,0,,3.3900000000001,,0,-1,0,KL005B-KL005Y,1.25,0.0
91,1,1081.16,0,,3.65000000000009,,0,-1,0,KL005B-KL005Y,1.25,0.0
92,1,1090.31,0,,0.829999999999927,,0,1,0,KL005B-KL005Y,1.25,0.0
92,1,1091.25,0,,1.76999999999998,,0,-1,0,KL005B-KL005Y,1.25,
92,1,1092.49,0,,3.00999999999999,,0,-1,0,KL005B-KL005Y,1.25,0.0
93,1,1099.65,0,,1.25,,0,1,0,KL005B-KL005Y,1.25,0.0
93,1,1101.39,0,,2.99000000000001,,0,-1,0,KL005B-KL005Y,1.25,0.0
94,2,1108.24,0,,1.5,,0,1,0,KL005B-KL005Y,1.25,1.0
94,2,1108.84,0,,2.09999999999991,,0,-1,0,KL005B-KL005Y,1.25,1.0
94,2,1109.48,0,,2.74000000000001,,0,-1,0,KL005B-KL005Y,1.25,1.0
94,2,1109.73,0,,2.99000000000001,,0,-1,0,KL005B-KL005Y,1.25,1.0
95,1,1115.95,0,,0.720000000000027,,0,1,0,KL005B-KL005Y,1.25,0.0
95,1,1116.14,0,,0.910000000000082,,0,-1,0,KL005B-KL005Y,1.25,
95,1,1117.73,0,,2.5,,0,-1,0,KL005B-KL005Y,1.25,0.0
96,1,1126.16,3,1128.77,2.32000000000016,1126.88,1,1,0,KL005B-KL005Y,1.25,0.0
96,2,1126.87,3,1128.77,3.02999999999997,1126.88,1,1,1,KL005B-KL005Y,1.25,1.0
96,1,1126.92,3,1128.77,3.08000000000015,1126.88,1,-2,0,KL005B-KL005Y,1.25,0.0
97,1,1142.62,3,1144.79,2.09999999999991,1143.2,1,1,0,KL005B-KL005Y,1.25,0.0
97,2,1143.18,3,1144.79,2.66000000000008,1143.2,1,1,1,KL005B-KL005Y,1.25,1.0
98,2,1155.89,3,1158.12,2.09000000000015,1156.73,1,1,0,KL005B-KL005Y,1.25,1.0
98,1,1156.71,3,1158.12,2.91000000000008,1156.73,1,1,1,KL005B-KL005Y,1.25,0.0
98,1,1157.2,3,1158.12,3.40000000000009,1156.73,1,-2,0,KL005B-KL005Y,1.25,0.0
99,1,1179.57,3,1182.33,14.4099999999999,1180.19,1,1,0,KL005B-KL005Y,1.25,0.0
99,2,1180.17,3,1182.33,15.01,1180.19,1,1,1,KL005B-KL005Y,1.25,1.0
100,1,1192.4,0,,1.5,,0,1,0,KL005B-KL005Y,1.25,0.0
100,1,1193.02,0,,2.11999999999989,,0,-1,0,KL005B-KL005Y,1.25,0.0
100,1,1193.93,0,,3.02999999999997,,0,-1,0,KL005B-KL005Y,1.25,0.0
101,2,1202.96,0,,1.97000000000003,,0,1,0,KL005B-KL005Y,1.25,1.0
102,2,1211.6,0,,1.34999999999991,,0,1,0,KL005B-KL005Y,1.25,1.0
102,2,1211.87,0,,1.61999999999989,,0,-1,0,KL005B-KL005Y,1.25,1.0
102,2,1212.18,0,,1.93000000000006,,0,-1,0,KL005B-KL005Y,1.25,1.0
103,2,1221.88,3,1224.56,1.49000000000001,1222.72,1,1,0,KL005B-KL005Y,1.25,1.0
103,2,1222.48,3,1224.56,2.08999999999992,1222.72,1,-1,0,KL005B-KL005Y,1.25,1.0
103,1,1222.71,3,1224.56,2.31999999999994,1222.72,1,1,1,KL005B-KL005Y,1.25,0.0
104,1,1234.88,0,,1.63000000000011,,0,1,0,KL005B-KL005Y,1.25,0.0
104,1,1235.21,0,,1.96000000000004,,0,-1,0,KL005B-KL005Y,1.25,0.0
104,1,1236.74,0,,3.49000000000001,,0,-1,0,KL005B-KL005Y,1.25,0.0
105,2,1243.92,0,,1.35000000000014,,0,1,0,KL005B-KL005Y,1.25,1.0
105,2,1244.2,0,,1.63000000000011,,0,-1,0,KL005B-KL005Y,1.25,1.0
105,1,1245.75,0,,3.18000000000006,,0,1,1,KL005B-KL005Y,1.25,0.0
106,1,1253.41,0,,0.700000000000045,,0,1,0,KL005B-KL005Y,1.25,0.0
106,1,1253.66,0,,0.950000000000045,,0,-1,0,KL005B-KL005Y,1.25,0.0
106,1,1254.54,0,,1.82999999999993,,0,-1,0,KL005B-KL005Y,1.25,0.0
107,1,1264.29,3,1266.8,0.690000000000055,1264.71,1,1,0,KL005B-KL005Y,1.25,0.0
107,1,1264.47,3,1266.8,0.870000000000118,1264.71,1,-1,0,KL005B-KL005Y,1.25,0.0
107,2,1264.69,3,1266.8,1.09000000000015,1264.71,1,1,1,KL005B-KL005Y,1.25,1.0
107,1,1264.78,3,1266.8,1.18000000000006,1264.71,1,-2,0,KL005B-KL005Y,1.25,0.0
108,1,1277.96,3,1280.2,0.850000000000136,1278.46,1,1,0,KL005B-KL005Y,1.25,0.0
108,1,1278.16,3,1280.2,1.05000000000018,1278.46,1,-1,0,KL005B-KL005Y,1.25,0.0
108,2,1278.44,3,1280.2,1.33000000000015,1278.46,1,1,1,KL005B-KL005Y,1.25,1.0
108,1,1278.81,3,1280.2,1.70000000000005,1278.46,1,-2,0,KL005B-KL005Y,1.25,0.0
109,1,1291.59,0,,4.25999999999999,,0,1,0,KL005B-KL005Y,1.25,0.0
109,1,1291.73,0,,4.40000000000009,,0,-1,0,KL005B-KL005Y,1.25,0.0
109,1,1292.42,0,,5.09000000000015,,0,-1,0,KL005B-KL005Y,1.25,0.0
109,1,1293.1,0,,5.76999999999998,,0,-1,0,KL005B-KL005Y,1.25,0.0
110,2,1301.52,0,,1.24000000000001,,0,1,0,KL005B-KL005Y,1.25,1.0
110,2,1301.78,0,,1.5,,0,-1,0,KL005B-KL005Y,1.25,1.0
111,2,1312.62,0,,1.6099999999999,,0,1,0,KL005B-KL005Y,1.25,1.0
111,1,1314.18,0,,3.17000000000007,,0,1,1,KL005B-KL005Y,1.25,0.0
112,2,1327.19,0,,3.58000000000015,,0,1,0,KL005B-KL005Y,1.25,1.0
112,2,1327.97,0,,4.36000000000013,,0,-1,0,KL005B-KL005Y,1.25,1.0
113,1,1339.28,3,1341.15,1.20000000000005,1339.76,1,1,0,KL005B-KL005Y,1.25,0.0
113,2,1339.75,3,1341.15,1.67000000000007,1339.76,1,1,1,KL005B-KL005Y,1.25,1.0
113,1,1340.15,3,1341.15,2.07000000000016,1339.76,1,-2,0,KL005B-KL005Y,1.25,0.0
114,2,1352.82,0,,1.0,,0,1,0,KL005B-KL005Y,1.25,1.0
114,2,1353.31,0,,1.49000000000001,,0,-1,0,KL005B-KL005Y,1.25,1.0
114,2,1353.61,0,,1.78999999999996,,0,-1,0,KL005B-KL005Y,1.25,1.0
114,1,1354.49,0,,2.67000000000007,,0,1,1,KL005B-KL005Y,1.25,0.0
115,2,1363.24,3,1365.93,0.829999999999927,1363.84,1,1,0,KL005B-KL005Y,1.25,1.0
115,2,1363.44,3,1365.93,1.02999999999997,1363.84,1,-1,0,KL005B-KL005Y,1.25,1.0
115,2,1363.79,3,1365.93,1.37999999999988,1363.84,1,-1,0,KL005B-KL005Y,1.25,1.0
115,1,1363.82,3,1365.93,1.40999999999985,1363.84,1,1,1,KL005B-KL005Y,1.25,0.0
116,1,1376.57,0,,0.679999999999836,,0,1,0,KL005B-KL005Y,1.25,0.0
116,1,1377.38,0,,1.49000000000001,,0,-1,0,KL005B-KL005Y,1.25,0.0
117,2,1384.69,3,1386.87,0.830000000000155,1384.83,1,1,0,KL005B-KL005Y,1.25,1.0
117,1,1384.81,3,1386.87,0.950000000000045,1384.83,1,1,1,KL005B-KL005Y,1.25,0.0
117,2,1384.91,3,1386.87,1.05000000000018,1384.83,1,-2,0,KL005B-KL005Y,1.25,1.0
117,1,1385.15,3,1386.87,1.29000000000019,1384.83,1,-2,0,KL005B-KL005Y,1.25,0.0
118,2,1398.06,0,,3.21000000000004,,0,1,0,KL005B-KL005Y,1.25,1.0
118,2,1398.62,0,,3.76999999999998,,0,-1,0,KL005B-KL005Y,1.25,1.0
118,2,1399.15,0,,4.30000000000018,,0,-1,0,KL005B-KL005Y,1.25,1.0
119,1,1409.45,3,1412.03,0.700000000000045,1410.09,1,1,0,KL005B-KL005Y,1.25,0.0
119,1,1409.91,3,1412.03,1.16000000000008,1410.09,1,-1,0,KL005B-KL005Y,1.25,0.0
119,2,1410.06,3,1412.03,1.30999999999995,1410.09,1,1,1,KL005B-KL005Y,1.25,1.0
119,1,1410.51,3,1412.03,1.75999999999999,1410.09,1,-2,0,KL005B-KL005Y,1.25,0.0
120,1,1420.64,0,,0.720000000000027,,0,1,0,KL005B-KL005Y,1.25,0.0
120,1,1421.8,0,,1.87999999999988,,0,-1,0,KL005B-KL005Y,1.25,0.0
121,1,1430.45,0,,3.51999999999998,,0,1,0,KL005B-KL005Y,1.25,0.0
121,1,1431.27,0,,4.33999999999992,,0,-1,0,KL005B-KL005Y,1.25,0.0
121,2,1431.75,0,,4.81999999999994,,0,1,1,KL005B-KL005Y,1.25,1.0
121,1,1432.0,0,,5.06999999999994,,0,-2,0,KL005B-KL005Y,1.25,0.0
122,1,1441.66,0,,0.720000000000027,,0,1,0,KL005B-KL005Y,1.25,0.0
122,1,1442.38,0,,1.44000000000005,,0,-1,0,KL005B-KL005Y,1.25,0.0
123,2,1458.01,3,1459.66,9.16000000000008,1458.37,1,1,0,KL005B-KL005Y,1.25,1.0
123,1,1458.35,3,1459.66,9.5,1458.37,1,1,1,KL005B-KL005Y,1.25,0.0
124,2,1468.93,3,1470.87,1.1400000000001,1469.53,1,1,0,KL005B-KL005Y,1.25,1.0
124,1,1469.51,3,1470.87,1.72000000000003,1469.53,1,1,1,KL005B-KL005Y,1.25,0.0
124,1,1470.18,3,1470.87,2.3900000000001,1469.53,1,-2,0,KL005B-KL005Y,1.25,0.0
125,1,1481.64,3,1484.52,0.700000000000045,1482.48,1,1,0,KL005B-KL005Y,1.25,0.0
125,1,1482.34,3,1484.52,1.39999999999986,1482.48,1,-1,0,KL005B-KL005Y,1.25,0.0
125,2,1482.47,3,1484.52,1.52999999999997,1482.48,1,1,1,KL005B-KL005Y,1.25,1.0
125,1,1482.97,3,1484.52,2.02999999999997,1482.48,1,-2,0,KL005B-KL005Y,1.25,0.0
126,1,1498.45,0,,2.98000000000002,,0,1,0,KL005B-KL005Y,1.25,0.0
126,1,1499.58,0,,4.1099999999999,,0,-1,0,KL005B-KL005Y,1.25,0.0
126,1,1500.2,0,,4.73000000000002,,0,-1,0,KL005B-KL005Y,1.25,0.0
127,1,1510.03,0,,0.889999999999873,,0,1,0,KL005B-KL005Y,1.25,0.0
127,1,1511.83,0,,2.68999999999983,,0,-1,0,KL005B-KL005Y,1.25,0.0
128,1,1519.45,0,,2.52999999999997,,0,1,0,KL005B-KL005Y,1.25,0.0
129,2,1529.12,3,1531.46,1.47999999999979,1529.52,1,1,0,KL005B-KL005Y,1.25,1.0
129,1,1529.5,3,1531.46,1.8599999999999,1529.52,1,1,1,KL005B-KL005Y,1.25,0.0
129,1,1529.95,3,1531.46,2.30999999999995,1529.52,1,-2,0,KL005B-KL005Y,1.25,0.0
130,2,1542.73,0,,2.37000000000012,,0,1,0,KL005B-KL005Y,1.25,1.0
130,2,1544.2,0,,3.84000000000015,,0,-1,0,KL005B-KL005Y,1.25,1.0
130,1,1544.84,0,,4.48000000000002,,0,1,1,KL005B-KL005Y,1.25,0.0
131,2,1555.42,3,1557.8,1.5,1556.26,1,1,0,KL005B-KL005Y,1.25,1.0
131,2,1555.77,3,1557.8,1.84999999999991,1556.26,1,-1,0,KL005B-KL005Y,1.25,1.0
131,1,1556.24,3,1557.8,2.31999999999994,1556.26,1,1,1,KL005B-KL005Y,1.25,0.0
132,2,1570.96,0,,5.93000000000006,,0,1,0,KL005B-KL005Y,1.25,1.0
132,2,1571.4,0,,6.37000000000012,,0,-1,0,KL005B-KL005Y,1.25,1.0
132,2,1571.99,0,,6.96000000000004,,0,-1,0,KL005B-KL005Y,1.25,1.0
132,1,1572.82,0,,7.78999999999996,,0,1,1,KL005B-KL005Y,1.25,0.0
133,1,1582.34,3,1584.94,2.49000000000001,1583.1,1,1,0,KL005B-KL005Y,1.25,
133,2,1583.09,3,1584.94,3.24000000000001,1583.1,1,1,1,KL005B-KL005Y,1.25,1.0
134,2,1600.78,0,,6.11999999999989,,0,1,0,KL005B-KL005Y,1.25,1.0
134,2,1601.53,0,,6.86999999999989,,0,-1,0,KL005B-KL005Y,1.25,1.0
135,2,1615.49,0,,6.22000000000003,,0,1,0,KL005B-KL005Y,1.25,1.0
135,2,1615.94,0,,6.67000000000007,,0,-1,0,KL005B-KL005Y,1.25,1.0
136,2,1627.48,0,,2.5,,0,1,0,KL005B-KL005Y,1.25,1.0
136,2,1628.12,0,,3.13999999999987,,0,-1,0,KL005B-KL005Y,1.25,1.0
137,1,1656.6,0,,19.53,,0,1,0,KL005B-KL005Y,1.25,0.0
137,1,1657.94,0,,20.8700000000001,,0,-1,0,KL005B-KL005Y,1.25,0.0
138,1,1669.86,0,,3.26999999999998,,0,1,0,KL005B-KL005Y,1.25,0.0
138,1,1670.64,0,,4.05000000000018,,0,-1,0,KL005B-KL005Y,1.25,0.0
139,2,1678.65,3,1681.52,2.0,1679.53,1,1,0,KL005B-KL005Y,1.25,1.0
139,2,1678.93,3,1681.52,2.27999999999997,1679.53,1,-1,0,KL005B-KL005Y,1.25,1.0
139,2,1679.35,3,1681.52,2.69999999999982,1679.53,1,-1,0,KL005B-KL005Y,1.25,1.0
139,1,1679.5,3,1681.52,2.84999999999991,1679.53,1,1,1,KL005B-KL005Y,1.25,0.0
140,2,1693.43,0,,4.78999999999996,,0,1,0,KL005B-KL005Y,1.25,1.0
140,2,1694.29,0,,5.64999999999986,,0,-1,0,KL005B-KL005Y,1.25,1.0
140,1,1695.17,0,,6.52999999999997,,0,1,1,KL005B-KL005Y,1.25,0.0
141,1,1700.88,3,1703.54,0.760000000000218,1701.8,1,1,0,KL005B-KL005Y,1.25,0.0
141,2,1701.79,3,1703.54,1.67000000000007,1701.8,1,1,1,KL005B-KL005Y,1.25,1.0
141,1,1702.57,3,1703.54,2.45000000000005,1701.8,1,-2,0,KL005B-KL005Y,1.25,0.0
142,2,1716.22,0,,1.26999999999998,,0,1,0,KL005B-KL005Y,1.25,1.0
143,2,1723.95,3,1726.8,1.03999999999996,1725.11,1,1,0,KL005B-KL005Y,1.25,1.0
143,2,1724.41,3,1726.8,1.5,1725.11,1,-1,0,KL005B-KL005Y,1.25,1.0
143,1,1725.09,3,1726.8,2.17999999999984,1725.11,1,1,1,KL005B-KL005Y,1.25,0.0
143,1,1725.5,3,1726.8,2.58999999999992,1725.11,1,-2,0,KL005B-KL005Y,1.25,0.0
144,2,1740.94,3,1744.28,4.84000000000015,1742.14,1,1,0,KL005B-KL005Y,1.25,1.0
144,2,1741.16,3,1744.28,5.06000000000017,1742.14,1,-1,0,KL005B-KL005Y,1.25,1.0
144,1,1742.12,3,1744.28,6.01999999999998,1742.14,1,1,1,KL005B-KL005Y,1.25,0.0
145,2,1758.91,0,,4.26999999999998,,0,1,0,KL005B-KL005Y,1.25,1.0
145,2,1759.46,0,,4.81999999999994,,0,-1,0,KL005B-KL005Y,1.25,1.0
145,2,1759.82,0,,5.17999999999984,,0,-1,0,KL005B-KL005Y,1.25,1.0
145,2,1760.25,0,,5.6099999999999,,0,-1,0,KL005B-KL005Y,1.25,1.0
146,2,1771.35,3,1773.7,2.75,1772.21,1,1,0,KL005B-KL005Y,1.25,1.0
146,2,1771.79,3,1773.7,3.19000000000005,1772.21,1,-1,0,KL005B-KL005Y,1.25,1.0
146,1,1772.19,3,1773.7,3.59000000000015,1772.21,1,1,1,KL005B-KL005Y,1.25,0.0
147,2,1786.31,0,,2.04999999999995,,0,1,0,KL005B-KL005Y,1.25,1.0
147,2,1786.5,0,,2.24000000000001,,0,-1,0,KL005B-KL005Y,1.25,1.0
147,2,1787.56,0,,3.29999999999995,,0,-1,0,KL005B-KL005Y,1.25,1.0
148,2,1793.75,0,,0.950000000000045,,0,1,0,KL005B-KL005Y,1.25,1.0
148,2,1794.54,0,,1.74000000000001,,0,-1,0,KL005B-KL005Y,1.25,1.0
148,2,1794.88,0,,2.08000000000015,,0,-1,0,KL005B-KL005Y,1.25,1.0
148,2,1795.05,0,,2.25,,0,-1,0,KL005B-KL005Y,1.25,1.0
148,1,1795.53,0,,2.73000000000002,,0,1,1,KL005B-KL005Y,1.25,0.0
149,1,1827.16,0,,24.3200000000002,,0,1,0,KL005B-KL005Y,1.25,0.0
149,1,1828.19,0,,25.3500000000001,,0,-1,0,KL005B-KL005Y,1.25,0.0
150,2,1837.41,0,,1.66000000000008,,0,1,0,KL005B-KL005Y,1.25,1.0
150,2,1837.82,0,,2.06999999999994,,0,-1,0,KL005B-KL005Y,1.25,1.0
150,1,1839.22,0,,3.47000000000003,,0,1,1,KL005B-KL005Y,1.25,0.0
151,1,1847.66,0,,0.759999999999991,,0,1,0,KL005B-KL005Y,1.25,0.0
151,1,1848.07,0,,1.16999999999985,,0,-1,0,KL005B-KL005Y,1.25,0.0
151,1,1848.39,0,,1.49000000000001,,0,-1,0,KL005B-KL005Y,1.25,0.0
151,1,1849.13,0,,2.23000000000002,,0,-1,0,KL005B-KL005Y,1.25,0.0
152,2,1899.9,0,,41.5500000000002,,0,1,0,KL005B-KL005Y,1.25,1.0
152,2,1900.37,0,,42.02,,0,-1,0,KL005B-KL005Y,1.25,1.0
153,2,1913.15,0,,2.06000000000017,,0,1,0,KL005B-KL005Y,1.25,1.0
154,2,1932.41,0,,11.6700000000001,,0,1,0,KL005B-KL005Y,1.25,1.0
155,2,1942.63,0,,1.33000000000015,,0,1,0,KL005B-KL005Y,1.25,1.0
155,2,1943.24,0,,1.94000000000005,,0,-1,0,KL005B-KL005Y,1.25,1.0
155,2,1943.49,0,,2.19000000000005,,0,-1,0,KL005B-KL005Y,1.25,1.0
156,1,1952.0,3,1953.8,1.38000000000011,1952.46,1,1,0,KL005B-KL005Y,1.25,0.0
156,2,1952.45,3,1953.8,1.83000000000015,1952.46,1,1,1,KL005B-KL005Y,1.25,1.0
157,2,1965.11,0,,2.14999999999986,,0,1,0,KL005B-KL005Y,1.25,1.0
157,2,1965.58,0,,2.61999999999989,,0,-1,0,KL005B-KL005Y,1.25,1.0
158,1,1975.42,3,1977.85,1.42000000000007,1975.86,1,1,0,KL005B-KL005Y,1.25,0.0
158,2,1975.83,3,1977.85,1.82999999999993,1975.86,1,1,1,KL005B-KL005Y,1.25,1.0
159,2,1990.07,0,,4.75,,0,1,0,KL005B-KL005Y,1.25,1.0
160,2,1999.79,0,,1.82999999999993,,0,1,0,KL005B-KL005Y,1.25,1.0
161,1,2059.45,0,,52.9699999999998,,0,1,0,KL005B-KL005Y,1.25,1.0
161,1,2059.84,0,,53.3600000000001,,0,-1,0,KL005B-KL005Y,1.25,1.0
161,1,2060.1,0,,53.6199999999999,,0,-1,0,KL005B-KL005Y,1.25,1.0
162,1,2072.26,0,,3.92000000000007,,0,1,0,KL005B-KL005Y,1.25,1.0
162,1,2072.54,0,,4.19999999999982,,0,-1,0,KL005B-KL005Y,1.25,1.0
162,1,2073.6,0,,5.25999999999976,,0,-1,0,KL005B-KL005Y,1.25,1.0
163,1,2082.32,0,,1.37000000000035,,0,1,0,KL005B-KL005Y,1.25,1.0
163,1,2082.76,0,,1.8100000000004,,0,-1,0,KL005B-KL005Y,1.25,1.0
163,1,2083.07,0,,2.12000000000035,,0,-1,0,KL005B-KL005Y,1.25,1.0
163,1,2083.62,0,,2.67000000000007,,0,-1,0,KL005B-KL005Y,1.25,1.0
163,1,2083.92,0,,2.97000000000025,,0,-1,0,KL005B-KL005Y,1.25,1.0
164,2,2090.72,0,,1.30999999999995,,0,1,0,KL005B-KL005Y,1.25,1.0
164,2,2092.13,0,,2.72000000000025,,0,-1,0,KL005B-KL005Y,1.25,1.0
165,2,2106.77,0,,6.05999999999995,,0,1,0,KL005B-KL005Y,1.25,1.0
165,2,2107.58,0,,6.86999999999989,,0,-1,0,KL005B-KL005Y,1.25,1.0
166,1,2118.48,3,2120.56,1.32000000000016,2118.82,1,1,0,KL005B-KL005Y,1.25,0.0
166,2,2118.8,3,2120.56,1.64000000000033,2118.82,1,1,1,KL005B-KL005Y,1.25,1.0
166,1,2118.89,3,2120.56,1.73000000000002,2118.82,1,-2,0,KL005B-KL005Y,1.25,0.0
167,2,2132.14,0,,4.79999999999973,,0,1,0,KL005B-KL005Y,1.25,1.0
167,2,2133.03,0,,5.69000000000005,,0,-1,0,KL005B-KL005Y,1.25,1.0
167,1,2133.99,0,,6.64999999999964,,0,1,1,KL005B-KL005Y,1.25,0.0
168,2,2143.99,0,,0.859999999999673,,0,1,0,KL005B-KL005Y,1.25,1.0
168,2,2144.14,0,,1.00999999999976,,0,-1,0,KL005B-KL005Y,1.25,1.0
168,2,2144.75,0,,1.61999999999989,,0,-1,0,KL005B-KL005Y,1.25,1.0
169,1,2154.33,3,2156.7,1.15000000000009,2154.81,1,1,0,KL005B-KL005Y,1.25,0.0
169,2,2154.8,3,2156.7,1.62000000000035,2154.81,1,1,1,KL005B-KL005Y,1.25,1.0
169,1,2155.61,3,2156.7,2.43000000000029,2154.81,1,-2,0,KL005B-KL005Y,1.25,0.0
170,2,2165.25,0,,1.7800000000002,,0,1,0,KL005B-KL005Y,1.25,1.0
170,2,2165.74,0,,2.26999999999998,,0,-1,0,KL005B-KL005Y,1.25,1.0
170,1,2166.88,0,,3.41000000000031,,0,1,1,KL005B-KL005Y,1.25,0.0
171,1,2177.2,3,2180.33,0.759999999999764,2178.14,1,1,0,KL005B-KL005Y,1.25,0.0
171,1,2177.37,3,2180.33,0.929999999999836,2178.14,1,-1,0,KL005B-KL005Y,1.25,0.0
171,2,2178.11,3,2180.33,1.67000000000007,2178.14,1,1,1,KL005B-KL005Y,1.25,1.0
171,1,2178.16,3,2180.33,1.7199999999998,2178.14,1,-2,0,KL005B-KL005Y,1.25,0.0
172,2,2192.73,0,,2.63999999999987,,0,1,0,KL005B-KL005Y,1.25,1.0
172,2,2192.98,0,,2.88999999999987,,0,-1,0,KL005B-KL005Y,1.25,1.0
172,2,2193.9,0,,3.80999999999995,,0,-1,0,KL005B-KL005Y,1.25,1.0
173,1,2203.22,3,2206.24,0.699999999999818,2204.1,1,1,0,KL005B-KL005Y,1.25,0.0
173,2,2204.08,3,2206.24,1.55999999999995,2204.1,1,1,1,KL005B-KL005Y,1.25,1.0
173,1,2204.23,3,2206.24,1.71000000000004,2204.1,1,-2,0,KL005B-KL005Y,1.25,0.0
174,2,2216.99,0,,0.929999999999836,,0,1,0,KL005B-KL005Y,1.25,1.0
174,2,2217.84,0,,1.7800000000002,,0,-1,0,KL005B-KL005Y,1.25,1.0
174,2,2218.15,0,,2.09000000000015,,0,-1,0,KL005B-KL005Y,1.25,1.0
175,1,2229.71,3,2231.23,1.42999999999984,2229.89,1,1,0,KL005B-KL005Y,1.25,0.0
175,2,2229.88,3,2231.23,1.59999999999991,2229.89,1,1,1,KL005B-KL005Y,1.25,1.0
175,1,2230.21,3,2231.23,1.92999999999984,2229.89,1,-2,0,KL005B-KL005Y,1.25,0.0
176,2,2242.3,0,,1.35000000000036,,0,1,0,KL005B-KL005Y,1.25,1.0
176,2,2243.36,0,,2.41000000000031,,0,-1,0,KL005B-KL005Y,1.25,1.0
176,2,2243.74,0,,2.78999999999996,,0,-1,0,KL005B-KL005Y,1.25,1.0
177,1,2253.08,0,,0.989999999999782,,0,1,0,KL005B-KL005Y,1.25,0.0
178,1,2261.33,0,,0.860000000000127,,0,1,0,KL005B-KL005Y,1.25,0.0
179,2,2269.46,0,,1.44000000000005,,0,1,0,KL005B-KL005Y,1.25,1.0
179,2,2270.65,0,,2.63000000000011,,0,-1,0,KL005B-KL005Y,1.25,1.0
179,1,2271.19,0,,3.17000000000007,,0,1,1,KL005B-KL005Y,1.25,0.0
180,1,2281.26,3,2282.93,1.41000000000031,2281.34,1,1,0,KL005B-KL005Y,1.25,0.0
180,2,2281.33,3,2282.93,1.48000000000002,2281.34,1,1,1,KL005B-KL005Y,1.25,1.0
180,1,2281.74,3,2282.93,1.88999999999987,2281.34,1,-2,0,KL005B-KL005Y,1.25,0.0
181,2,2292.03,0,,1.43000000000029,,0,1,0,KL005B-KL005Y,1.25,1.0
181,2,2293.01,0,,2.41000000000031,,0,-1,0,KL005B-KL005Y,1.25,1.0
182,2,2303.05,0,,1.43000000000029,,0,1,0,KL005B-KL005Y,1.25,1.0
182,2,2303.76,0,,2.14000000000033,,0,-1,0,KL005B-KL005Y,1.25,1.0
183,2,2313.28,0,,1.64000000000033,,0,1,0,KL005B-KL005Y,1.25,1.0
183,2,2314.04,0,,2.40000000000009,,0,-1,0,KL005B-KL005Y,1.25,0.0
184,1,2337.21,0,,16.4400000000001,,0,1,0,KL005B-KL005Y,1.25,1.0
184,1,2338.47,0,,17.6999999999998,,0,-1,0,KL005B-KL005Y,1.25,1.0
184,1,2338.59,0,,17.8200000000002,,0,-1,0,KL005B-KL005Y,1.25,1.0
185,1,2347.95,0,,2.25,,0,1,0,KL005B-KL005Y,1.25,1.0
185,1,2348.31,0,,2.61000000000013,,0,-1,0,KL005B-KL005Y,1.25,0.0
186,1,2355.84,0,,0.900000000000091,,0,1,0,KL005B-KL005Y,1.25,1.0
186,1,2356.15,0,,1.21000000000004,,0,-1,0,KL005B-KL005Y,1.25,1.0
186,1,2356.54,0,,1.59999999999991,,0,-1,0,KL005B-KL005Y,1.25,1.0
186,1,2357.83,0,,2.88999999999987,,0,-1,0,KL005B-KL005Y,1.25,1.0
187,2,2369.13,0,,2.30000000000018,,0,1,0,KL005B-KL005Y,1.25,1.0
187,2,2370.5,0,,3.67000000000007,,0,-1,0,KL005B-KL005Y,1.25,1.0
188,2,2382.59,0,,6.87000000000035,,0,1,0,KL005B-KL005Y,1.25,1.0
189,2,2394.16,0,,4.27999999999975,,0,1,0,KL005B-KL005Y,1.25,1.0
190,2,2404.42,0,,1.76999999999998,,0,1,0,KL005B-KL005Y,1.25,
190,2,2405.88,0,,3.23000000000002,,0,-1,0,KL005B-KL005Y,1.25,1.0
191,2,2413.39,0,,1.48000000000002,,0,1,0,KL005B-KL005Y,1.25,1.0
192,1,2424.72,3,2426.78,0.739999999999782,2425.54,1,1,0,KL005B-KL005Y,1.25,0.0
192,1,2425.39,3,2426.78,1.40999999999985,2425.54,1,-1,0,KL005B-KL005Y,1.25,0.0
192,2,2425.53,3,2426.78,1.55000000000018,2425.54,1,1,1,KL005B-KL005Y,1.25,1.0
192,1,2425.93,3,2426.78,1.94999999999982,2425.54,1,-2,0,KL005B-KL005Y,1.25,0.0
193,2,2437.37,0,,3.42000000000007,,0,1,0,KL005B-KL005Y,1.25,1.0
193,2,2438.28,0,,4.33000000000038,,0,-1,0,KL005B-KL005Y,1.25,1.0
194,1,2447.66,3,2449.84,0.799999999999727,2448.2,1,1,0,KL005B-KL005Y,1.25,0.0
194,1,2448.01,3,2449.84,1.15000000000009,2448.2,1,-1,0,KL005B-KL005Y,1.25,0.0
194,2,2448.18,3,2449.84,1.31999999999971,2448.2,1,1,1,KL005B-KL005Y,1.25,1.0
194,1,2448.55,3,2449.84,1.69000000000005,2448.2,1,-2,0,KL005B-KL005Y,1.25,0.0
195,1,2466.99,0,,6.10999999999967,,0,1,0,KL005B-KL005Y,1.25,0.0
195,1,2467.69,0,,6.80999999999995,,0,-1,0,KL005B-KL005Y,1.25,0.0
196,1,2477.29,0,,0.809999999999945,,0,1,0,KL005B-KL005Y,1.25,
196,1,2477.66,0,,1.17999999999984,,0,-1,0,KL005B-KL005Y,1.25,
196,1,2478.02,0,,1.53999999999996,,0,-1,0,KL005B-KL005Y,1.25,
196,1,2478.67,0,,2.19000000000005,,0,-1,0,KL005B-KL005Y,1.25,
197,1,2491.16,0,,3.77999999999975,,0,1,0,KL005B-KL005Y,1.25,0.0
197,1,2492.33,0,,4.94999999999982,,0,-1,0,KL005B-KL005Y,1.25,0.0
197,1,2492.91,0,,5.52999999999975,,0,-1,0,KL005B-KL005Y,1.25,0.0
198,1,2500.8,0,,3.25,,0,1,0,KL005B-KL005Y,1.25,0.0
198,1,2502.69,0,,5.13999999999987,,0,-1,0,KL005B-KL005Y,1.25,0.0
199,2,2534.51,0,,25.9200000000001,,0,1,0,KL005B-KL005Y,1.25,1.0
200,2,2545.29,3,2547.4,1.98999999999978,2545.91,1,1,0,KL005B-KL005Y,1.25,1.0
200,1,2545.9,3,2547.4,2.59999999999991,2545.91,1,1,1,KL005B-KL005Y,1.25,0.0
201,2,2558.31,0,,2.19000000000005,,0,1,0,KL005B-KL005Y,1.25,1.0
202,2,2569.06,0,,1.55999999999995,,0,1,0,KL005B-KL005Y,1.25,1.0
203,2,2580.35,0,,1.29999999999973,,0,1,0,KL005B-KL005Y,1.25,1.0
204,1,2647.71,0,,56.27,,0,1,0,KL005B-KL005Y,1.25,1.0
204,1,2648.23,0,,56.79,,0,-1,0,KL005B-KL005Y,1.25,1.0
205,2,2662.38,0,,3.88000000000011,,0,1,0,KL005B-KL005Y,1.25,1.0
205,2,2663.31,0,,4.80999999999995,,0,-1,0,KL005B-KL005Y,1.25,1.0
205,2,2663.47,0,,4.9699999999998,,0,-1,0,KL005B-KL005Y,1.25,1.0
206,2,2670.53,0,,1.66000000000031,,0,1,0,KL005B-KL005Y,1.25,1.0
206,2,2671.7,0,,2.82999999999993,,0,-1,0,KL005B-KL005Y,1.25,1.0
207,2,2679.9,0,,1.68000000000029,,0,1,0,KL005B-KL005Y,1.25,1.0
207,2,2680.2,0,,1.98000000000002,,0,-1,0,KL005B-KL005Y,1.25,1.0
207,2,2680.42,0,,2.20000000000027,,0,-1,0,KL005B-KL005Y,1.25,1.0
208,2,2687.77,0,,1.17999999999984,,0,1,0,KL005B-KL005Y,1.25,1.0
208,2,2688.44,0,,1.84999999999991,,0,-1,0,KL005B-KL005Y,1.25,1.0
209,2,2698.62,0,,1.75999999999976,,0,1,0,KL005B-KL005Y,1.25,1.0
209,2,2698.84,0,,1.98000000000002,,0,-1,0,KL005B-KL005Y,1.25,1.0
210,2,2710.35,0,,1.33999999999969,,0,1,0,KL005B-KL005Y,1.25,1.0
211,2,2720.96,0,,1.42000000000007,,0,1,0,KL005B-KL005Y,1.25,1.0
211,2,2721.22,0,,1.67999999999984,,0,-1,0,KL005B-KL005Y,1.25,1.0
211,2,2722.38,0,,2.84000000000015,,0,-1,0,KL005B-KL005Y,1.25,1.0
211,2,2722.8,0,,3.26000000000022,,0,-1,0,KL005B-KL005Y,1.25,1.0
214,2,3209.91,0,,1.54999999999973,,0,1,0,KL005B-KL005Y,1.25,1.0
214,2,3210.88,0,,2.51999999999998,,0,-1,0,KL005B-KL005Y,1.25,1.0
214,2,3211.38,0,,3.01999999999998,,0,-1,0,KL005B-KL005Y,1.25,1.0
215,2,3220.6,0,,1.5,,0,1,0,KL005B-KL005Y,1.25,1.0
216,2,3235.99,0,,8.79999999999973,,0,1,0,KL005B-KL005Y,1.25,1.0
217,2,3244.8,0,,1.32000000000016,,0,1,0,KL005B-KL005Y,1.25,1.0
218,2,3253.21,0,,0.920000000000073,,0,1,0,KL005B-KL005Y,1.25,0.0
218,2,3253.87,0,,1.57999999999993,,0,-1,0,KL005B-KL005Y,1.25,1.0
218,2,3254.87,0,,2.57999999999993,,0,-1,0,KL005B-KL005Y,1.25,1.0
219,2,3265.01,0,,1.41000000000031,,0,1,0,KL005B-KL005Y,1.25,1.0
220,2,3280.64,0,,9.13999999999987,,0,1,0,KL005B-KL005Y,1.25,1.0
221,2,3290.4,0,,1.57000000000016,,0,1,0,KL005B-KL005Y,1.25,1.0
221,2,3291.57,0,,2.74000000000024,,0,-1,0,KL005B-KL005Y,1.25,
222,2,3300.69,0,,1.59999999999991,,0,1,0,KL005B-KL005Y,1.25,1.0
222,2,3302.12,0,,3.02999999999975,,0,-1,0,KL005B-KL005Y,1.25,1.0
222,2,3302.47,0,,3.37999999999965,,0,-1,0,KL005B-KL005Y,1.25,1.0
223,2,3311.64,0,,1.46000000000004,,0,1,0,KL005B-KL005Y,1.25,1.0
224,2,3320.05,0,,1.72000000000025,,0,1,0,KL005B-KL005Y,1.25,1.0
224,1,3321.78,0,,3.45000000000027,,0,1,1,KL005B-KL005Y,1.25,0.0
224,2,3321.82,0,,3.49000000000024,,0,-2,0,KL005B-KL005Y,1.25,1.0
225,2,3333.24,0,,5.79999999999973,,0,1,0,KL005B-KL005Y,1.25,1.0
225,1,3334.74,0,,7.29999999999973,,0,1,1,KL005B-KL005Y,1.25,0.0
226,1,3344.4,3,3347.28,0.769999999999982,3345.14,1,1,0,KL005B-KL005Y,1.25,0.0
226,1,3344.95,3,3347.28,1.31999999999971,3345.14,1,-1,0,KL005B-KL005Y,1.25,0.0
226,2,3345.12,3,3347.28,1.48999999999978,3345.14,1,1,1,KL005B-KL005Y,1.25,1.0
226,1,3345.62,3,3347.28,1.98999999999978,3345.14,1,-2,0,KL005B-KL005Y,1.25,0.0
227,2,3359.76,0,,1.63000000000011,,0,1,0,KL005B-KL005Y,1.25,1.0
227,2,3360.24,0,,2.10999999999967,,0,-1,0,KL005B-KL005Y,1.25,1.0
228,1,3370.62,3,3372.6,0.769999999999982,3371.26,1,1,0,KL005B-KL005Y,1.25,0.0
228,2,3371.23,3,3372.6,1.38000000000011,3371.26,1,1,1,KL005B-KL005Y,1.25,1.0
228,1,3371.25,3,3372.6,1.40000000000009,3371.26,1,-2,0,KL005B-KL005Y,1.25,0.0
229,1,3384.1,0,,1.50999999999976,,0,1,0,KL005B-KL005Y,1.25,0.0
230,2,3391.3,0,,0.910000000000309,,0,1,0,KL005B-KL005Y,1.25,1.0
230,2,3391.54,0,,1.15000000000009,,0,-1,0,KL005B-KL005Y,1.25,1.0
230,2,3392.01,0,,1.62000000000035,,0,-1,0,KL005B-KL005Y,1.25,1.0
231,1,3402.95,3,3404.66,0.759999999999764,3403.07,1,1,0,KL005B-KL005Y,1.25,0.0
231,2,3403.06,3,3404.66,0.869999999999891,3403.07,1,1,1,KL005B-KL005Y,1.25,1.0
232,1,3414.75,3,3417.2,1.23000000000002,3415.31,1,1,0,KL005B-KL005Y,1.25,0.0
232,2,3415.3,3,3417.2,1.7800000000002,3415.31,1,1,1,KL005B-KL005Y,1.25,1.0
232,1,3415.61,3,3417.2,2.09000000000015,3415.31,1,-2,0,KL005B-KL005Y,1.25,0.0
233,1,3428.76,3,3430.53,0.720000000000255,3429.04,1,1,0,KL005B-KL005Y,1.25,0.0
233,2,3429.02,3,3430.53,0.980000000000018,3429.04,1,1,1,KL005B-KL005Y,1.25,1.0
234,2,3441.03,0,,1.37000000000035,,0,1,0,KL005B-KL005Y,1.25,1.0
234,1,3442.52,0,,2.86000000000013,,0,1,1,KL005B-KL005Y,1.25,0.0
234,1,3443.19,0,,3.5300000000002,,0,-2,0,KL005B-KL005Y,1.25,0.0
235,1,3451.34,3,3453.31,0.820000000000164,3451.52,1,1,0,KL005B-KL005Y,1.25,0.0
235,2,3451.5,3,3453.31,0.980000000000018,3451.52,1,1,1,KL005B-KL005Y,1.25,1.0
235,2,3451.71,3,3453.31,1.19000000000005,3451.52,1,-2,0,KL005B-KL005Y,1.25,1.0
235,1,3452.03,3,3453.31,1.51000000000022,3451.52,1,-2,0,KL005B-KL005Y,1.25,0.0
236,1,3462.78,3,3464.19,2.46000000000004,3462.9,1,1,0,KL005B-KL005Y,1.25,0.0
236,2,3462.88,3,3464.19,2.55999999999995,3462.9,1,1,1,KL005B-KL005Y,1.25,1.0
237,1,3476.97,3,3478.47,0.829999999999927,3477.23,1,1,0,KL005B-KL005Y,1.25,0.0
237,2,3477.21,3,3478.47,1.07000000000016,3477.23,1,1,1,KL005B-KL005Y,1.25,1.0
237,1,3477.47,3,3478.47,1.32999999999993,3477.23,1,-2,0,KL005B-KL005Y,1.25,0.0
237,2,3477.47,3,3478.47,1.32999999999993,3477.23,1,-2,0,KL005B-KL005Y,1.25,1.0
238,1,3491.06,3,3493.44,0.7199999999998,3491.9,1,1,0,KL005B-KL005Y,1.25,0.0
238,1,3491.83,3,3493.44,1.48999999999978,3491.9,1,-1,0,KL005B-KL005Y,1.25,0.0
238,2,3491.87,3,3493.44,1.52999999999975,3491.9,1,1,1,KL005B-KL005Y,1.25,1.0
239,2,3505.35,0,,1.36000000000013,,0,1,0,KL005B-KL005Y,1.25,1.0
239,2,3505.71,0,,1.72000000000025,,0,-1,0,KL005B-KL005Y,1.25,1.0
239,2,3506.06,0,,2.07000000000016,,0,-1,0,KL005B-KL005Y,1.25,1.0
239,1,3507.33,0,,3.34000000000015,,0,1,1,KL005B-KL005Y,1.25,0.0
240,2,3517.2,3,3518.58,0.859999999999673,3517.24,1,1,0,KL005B-KL005Y,1.25,1.0
240,1,3517.23,3,3518.58,0.889999999999873,3517.24,1,1,1,KL005B-KL005Y,1.25,0.0
241,2,3531.39,0,,1.44000000000005,,0,1,0,KL005B-KL005Y,1.25,1.0
241,2,3532.34,0,,2.39000000000033,,0,-1,0,KL005B-KL005Y,1.25,1.0
242,2,3541.39,0,,2.21000000000004,,0,1,0,KL005B-KL005Y,1.25,1.0
242,2,3542.66,0,,3.48000000000002,,0,-1,0,KL005B-KL005Y,1.25,1.0
242,2,3542.77,0,,3.59000000000015,,0,-1,0,KL005B-KL005Y,1.25,1.0
242,2,3543.05,0,,3.87000000000035,,0,-1,0,KL005B-KL005Y,1.25,1.0
243,2,3551.33,0,,2.34999999999991,,0,1,0,KL005B-KL005Y,1.25,1.0
243,2,3551.57,0,,2.59000000000015,,0,-1,0,KL005B-KL005Y,1.25,1.0
243,2,3551.73,0,,2.75,,0,-1,0,KL005B-KL005Y,1.25,1.0
243,2,3551.89,0,,2.90999999999985,,0,-1,0,KL005B-KL005Y,1.25,1.0
243,2,3552.53,0,,3.55000000000018,,0,-1,0,KL005B-KL005Y,1.25,1.0
244,1,3568.17,0,,9.55000000000018,,0,1,0,KL005B-KL005Y,1.25,0.0
244,1,3568.72,0,,10.0999999999999,,0,-1,0,KL005B-KL005Y,1.25,0.0
245,1,3576.85,0,,0.690000000000055,,0,1,0,KL005B-KL005Y,1.25,0.0
245,2,3578.31,0,,2.15000000000009,,0,1,1,KL005B-KL005Y,1.25,1.0
245,1,3578.95,0,,2.78999999999996,,0,-2,0,KL005B-KL005Y,1.25,0.0
246,1,3584.8,3,3587.72,0.760000000000218,3585.58,1,1,0,KL005B-KL005Y,1.25,0.0
246,1,3585.19,3,3587.72,1.15000000000009,3585.58,1,-1,0,KL005B-KL005Y,1.25,0.0
246,2,3585.55,3,3587.72,1.51000000000022,3585.58,1,1,1,KL005B-KL005Y,1.25,1.0
247,2,3599.94,0,,1.74000000000024,,0,1,0,KL005B-KL005Y,1.25,1.0
247,1,3601.25,0,,3.05000000000018,,0,1,1,KL005B-KL005Y,1.25,0.0
248,1,3609.55,3,3611.53,0.820000000000164,3609.59,1,1,0,KL005B-KL005Y,1.25,0.0
248,2,3609.57,3,3611.53,0.840000000000146,3609.59,1,1,1,KL005B-KL005Y,1.25,1.0
248,1,3609.76,3,3611.53,1.0300000000002,3609.59,1,-2,0,KL005B-KL005Y,1.25,0.0
249,2,3623.95,0,,1.42999999999984,,0,1,0,KL005B-KL005Y,1.25,1.0
249,2,3624.18,0,,1.65999999999985,,0,-1,0,KL005B-KL005Y,1.25,1.0
250,2,3633.32,0,,1.38000000000011,,0,1,0,KL005B-KL005Y,1.25,1.0
250,2,3634.3,0,,2.36000000000013,,0,-1,0,KL005B-KL005Y,1.25,1.0
250,2,3634.97,0,,3.02999999999975,,0,-1,0,KL005B-KL005Y,1.25,1.0
251,2,3641.2,0,,1.28999999999996,,0,1,0,KL005B-KL005Y,1.25,1.0
251,2,3642.17,0,,2.26000000000022,,0,-1,0,KL005B-KL005Y,1.25,1.0
251,2,3642.65,0,,2.74000000000024,,0,-1,0,KL005B-KL005Y,1.25,1.0
252,1,3648.57,3,3650.86,0.7800000000002,3649.37,1,1,0,KL005B-KL005Y,1.25,0.0
252,2,3649.36,3,3650.86,1.57000000000016,3649.37,1,1,1,KL005B-KL005Y,1.25,1.0
252,1,3649.57,3,3650.86,1.7800000000002,3649.37,1,-2,0,KL005B-KL005Y,1.25,0.0
252,1,3649.88,3,3650.86,2.09000000000015,3649.37,1,-2,0,KL005B-KL005Y,1.25,0.0
253,2,3674.04,0,,14.3800000000001,,0,1,0,KL005B-KL005Y,1.25,1.0
253,1,3675.81,0,,16.1500000000001,,0,1,1,KL005B-KL005Y,1.25,0.0
254,1,3681.07,3,3683.72,0.740000000000236,3681.63,1,1,0,KL005B-KL005Y,1.25,0.0
254,1,3681.29,3,3683.72,0.960000000000036,3681.63,1,-1,0,KL005B-KL005Y,1.25,0.0
254,2,3681.62,3,3683.72,1.28999999999996,3681.63,1,1,1,KL005B-KL005Y,1.25,1.0
255,2,3696.08,0,,2.03999999999996,,0,1,0,KL005B-KL005Y,1.25,1.0
255,2,3696.58,0,,2.53999999999996,,0,-1,0,KL005B-KL005Y,1.25,1.0
255,2,3697.69,0,,3.65000000000009,,0,-1,0,KL005B-KL005Y,1.25,1.0
256,1,3707.18,3,3709.15,1.10999999999967,3707.46,1,1,0,KL005B-KL005Y,1.25,0.0
256,2,3707.44,3,3709.15,1.36999999999989,3707.46,1,1,1,KL005B-KL005Y,1.25,1.0
257,1,3721.22,3,3722.93,3.87999999999965,3721.44,1,1,0,KL005B-KL005Y,1.25,0.0
257,2,3721.42,3,3722.93,4.07999999999993,3721.44,1,1,1,KL005B-KL005Y,1.25,1.0
258,2,3740.13,3,3742.59,4.45000000000027,3740.85,1,1,0,KL005B-KL005Y,1.25,1.0
258,1,3740.83,3,3742.59,5.15000000000009,3740.85,1,1,1,KL005B-KL005Y,1.25,0.0
259,2,3755.93,0,,4.0,,0,1,0,KL005B-KL005Y,1.25,1.0
260,1,3767.03,3,3769.88,0.710000000000036,3767.99,1,1,0,KL005B-KL005Y,1.25,0.0
260,1,3767.76,3,3769.88,1.44000000000005,3767.99,1,-1,0,KL005B-KL005Y,1.25,0.0
260,2,3767.97,3,3769.88,1.64999999999964,3767.99,1,1,1,KL005B-KL005Y,1.25,1.0
261,2,3781.84,0,,1.20000000000027,,0,1,0,KL005B-KL005Y,1.25,1.0
261,2,3782.73,0,,2.09000000000015,,0,-1,0,KL005B-KL005Y,1.25,1.0
262,2,3791.33,3,3794.26,1.40000000000009,3792.37,1,1,0,KL005B-KL005Y,1.25,1.0
262,1,3792.35,3,3794.26,2.42000000000007,3792.37,1,1,1,KL005B-KL005Y,1.25,0.0
262,1,3792.81,3,3794.26,2.88000000000011,3792.37,1,-2,0,KL005B-KL005Y,1.25,0.0
263,2,3813.05,0,,11.4500000000003,,0,1,0,KL005B-KL005Y,1.25,1.0
263,2,3813.35,0,,11.75,,0,-1,0,KL005B-KL005Y,1.25,1.0
264,2,3823.89,0,,1.75,,0,1,0,KL005B-KL005Y,1.25,1.0
265,1,3946.28,0,,113.0,,0,1,0,KL005B-KL005Y,1.25,0.0
